Top pages,Clicks,Impressions,CTR,Position
https://www.texasspecialed.com/blog/what-is-fie,8,646,1.24%,4.15
https://www.texasspecialed.com/blog/what-is-an-ard-meeting,3,276,1.09%,8.88
https://www.texasspecialed.com/districts/frisco-isd/special-ed-updates,3,170,1.76%,7.78
https://www.texasspecialed.com/resources/,3,36,8.33%,14.25
https://www.texasspecialed.com/districts/bastrop-isd/evaluation-child-find,3,6,50%,1.83
https://www.texasspecialed.com/blog/fie-evaluation-timeline,2,313,0.64%,6.74
https://www.texasspecialed.com/districts/allen-isd/ard-process-guide,2,79,2.53%,9.28
https://www.texasspecialed.com/districts/idea-public-schools/ard-process-guide,2,76,2.63%,5.63
https://www.texasspecialed.com/districts/garland-isd/evaluation-child-find,2,76,2.63%,7.12
https://www.texasspecialed.com/districts/grand-prairie-isd/ard-process-guide,2,18,11.11%,2.33
https://www.texasspecialed.com/districts/weslaco-isd/partners,2,18,11.11%,9.89
https://www.texasspecialed.com/districts/tomball-isd/grievance-dispute-resolution,2,6,33.33%,5.83
https://www.texasspecialed.com/districts/killeen-isd/leadership-directory,2,5,40%,5
https://www.texasspecialed.com/districts/katy-isd/leadership-directory,1,124,0.81%,9.09
https://www.texasspecialed.com/districts/arlington-isd/evaluation-child-find,1,117,0.85%,5.17
https://www.texasspecialed.com/independent-educational-evaluation-texas,1,101,0.99%,6.89
https://www.texasspecialed.com/districts/dallas-isd/ard-process-guide,1,70,1.43%,5.04
https://www.texasspecialed.com/districts/katy-isd/grievance-dispute-resolution,1,68,1.47%,6.18
https://www.texasspecialed.com/districts/katy-isd/grievance-dispute-resolution.html,1,68,1.47%,6.9
https://www.texasspecialed.com/districts/plano-isd/evaluation-child-find,1,67,1.49%,5.48
https://www.texasspecialed.com/districts/katy-isd/special-ed-updates,1,57,1.75%,7.84
https://www.texasspecialed.com/districts/mckinney-isd/grievance-dispute-resolution,1,56,1.79%,7.57
https://www.texasspecialed.com/blog/what-to-do-when-school-denies-evaluation,1,55,1.82%,9.09
https://www.texasspecialed.com/districts/houston-isd/grievance-dispute-resolution,1,54,1.85%,5.26
https://www.texasspecialed.com/districts/dallas-isd/grievance-dispute-resolution,1,51,1.96%,7.29
https://www.texasspecialed.com/districts/lewisville-isd/grievance-dispute-resolution,1,46,2.17%,5.8
https://www.texasspecialed.com/texas-parent-rights-special-education,1,46,2.17%,9.63
https://www.texasspecialed.com/districts/richardson-isd/grievance-dispute-resolution,1,39,2.56%,6.15
https://www.texasspecialed.com/districts/edinburg-cisd/leadership-directory,1,39,2.56%,8.03
https://www.texasspecialed.com/districts/cypress-fairbanks-isd,1,38,2.63%,8.05
https://www.texasspecialed.com/districts/grand-prairie-isd/partners,1,32,3.12%,5.38
https://www.texasspecialed.com/districts/northside-isd/leadership-directory,1,32,3.12%,8.72
https://www.texasspecialed.com/districts/mesquite-isd/leadership-directory,1,31,3.23%,7.81
https://www.texasspecialed.com/districts/killeen-isd/leadership-directory.html,1,29,3.45%,6.55
https://www.texasspecialed.com/districts/hays-cisd/evaluation-child-find,1,26,3.85%,4.12
https://www.texasspecialed.com/districts/katy-isd/evaluation-child-find,1,24,4.17%,6.33
https://www.texasspecialed.com/blog/how-to-disagree-at-ard-meeting,1,24,4.17%,7.08
https://www.texasspecialed.com/districts/san-antonio-isd/ard-process-guide,1,21,4.76%,5.33
https://www.texasspecialed.com/districts/comal-isd/grievance-dispute-resolution,1,20,5%,7.05
https://www.texasspecialed.com/districts/idea-public-schools/grievance-dispute-resolution,1,17,5.88%,5.88
https://www.texasspecialed.com/districts/conroe-isd/partners,1,16,6.25%,7
https://www.texasspecialed.com/districts/lubbock-isd/partners,1,16,6.25%,8
https://www.texasspecialed.com/districts/mesquite-isd,1,16,6.25%,9.56
https://www.texasspecialed.com/blog/ard-rights-parents,1,15,6.67%,6.2
https://www.texasspecialed.com/districts/north-east-isd/ard-process-guide,1,15,6.67%,34.87
https://www.texasspecialed.com/districts/northwest-isd/grievance-dispute-resolution,1,14,7.14%,5
https://www.texasspecialed.com/districts/killeen-isd/,1,14,7.14%,6.86
https://www.texasspecialed.com/districts/arlington-isd/dyslexia-services,1,13,7.69%,2.69
https://www.texasspecialed.com/districts/georgetown-isd/evaluation-child-find,1,13,7.69%,5.38
https://www.texasspecialed.com/districts/bryan-isd,1,13,7.69%,7.38
https://texasspecialed.com/districts/killeen-isd/,1,13,7.69%,8.62
https://www.texasspecialed.com/districts/harlingen-cisd/partners,1,13,7.69%,9.31
https://www.texasspecialed.com/districts/mansfield-isd/evaluation-child-find,1,12,8.33%,11.83
https://www.texasspecialed.com/districts/garland-isd/ard-process-guide,1,11,9.09%,2.73
https://www.texasspecialed.com/districts/richardson-isd/,1,11,9.09%,6.45
https://www.texasspecialed.com/districts/harmony-public-schools-combined/grievance-dispute-resolution,1,10,10%,3.9
https://www.texasspecialed.com/districts/plano-isd/grievance-dispute-resolution,1,9,11.11%,4.33
https://www.texasspecialed.com/districts/judson-isd/grievance-dispute-resolution,1,9,11.11%,4.44
https://www.texasspecialed.com/resources/parent-rights-guide.pdf,1,9,11.11%,7.89
https://www.texasspecialed.com/districts/el-paso-isd/partners,1,9,11.11%,8.67
https://www.texasspecialed.com/districts/mesquite-isd/ard-process-guide,1,9,11.11%,9.11
https://www.texasspecialed.com/districts/princeton-isd,1,8,12.5%,5.75
https://www.texasspecialed.com/districts/plano-isd/evaluation-child-find.html,1,8,12.5%,7
https://www.texasspecialed.com/districts/spring-isd/dyslexia-services,1,8,12.5%,7.38
https://www.texasspecialed.com/districts/lubbock-isd,1,7,14.29%,5.57
https://www.texasspecialed.com/districts/longview-isd/partners,1,7,14.29%,6.43
https://www.texasspecialed.com/districts/abilene-isd/dyslexia-services,1,7,14.29%,7.57
https://www.texasspecialed.com/districts/arlington-isd,1,7,14.29%,7.86
https://www.texasspecialed.com/districts/wylie-isd/leadership-directory,1,6,16.67%,3.33
https://www.texasspecialed.com/districts/irving-isd/leadership-directory,1,5,20%,5
https://www.texasspecialed.com/districts/forney-isd/leadership-directory.html,1,5,20%,5.4
https://www.texasspecialed.com/districts/arlington-isd/ard-process-guide,1,5,20%,5.8
https://www.texasspecialed.com/districts/irving-isd/partners,1,5,20%,6.2
https://www.texasspecialed.com/districts/tomball-isd,1,5,20%,7.8
https://www.texasspecialed.com/districts/clear-creek-isd/leadership-directory,1,5,20%,12.4
https://www.texasspecialed.com/districts/fort-worth-isd/evaluation-child-find,1,5,20%,18.4
https://www.texasspecialed.com/districts/college-station-isd/evaluation-child-find,1,4,25%,2.25
https://www.texasspecialed.com/districts/tyler-isd/evaluation-child-find,1,4,25%,3.25
https://www.texasspecialed.com/districts/prosper-isd/evaluation-child-find,1,4,25%,7
https://www.texasspecialed.com/districts/allen-isd/leadership-directory,1,4,25%,8
https://www.texasspecialed.com/districts/longview-isd/dyslexia-services,1,3,33.33%,1.33
https://www.texasspecialed.com/districts/klein-isd/ard-process-guide,1,3,33.33%,3.67
https://www.texasspecialed.com/districts/belton-isd/grievance-dispute-resolution,1,3,33.33%,6.67
https://www.texasspecialed.com/districts/mckinney-isd/leadership-directory,1,3,33.33%,10.67
https://www.texasspecialed.com/districts/belton-isd/dyslexia-services,1,2,50%,3
https://www.texasspecialed.com/districts/wylie-isd/grievance-dispute-resolution,1,2,50%,3
https://www.texasspecialed.com/districts/lake-travis-isd/dyslexia-services,1,2,50%,8
https://www.texasspecialed.com/districts/bryan-isd/dyslexia-services.html,1,1,100%,1
https://www.texasspecialed.com/districts/ector-county-isd/dyslexia-services,1,1,100%,2
https://www.texasspecialed.com/districts/grapevine-colleyville-isd/dyslexia-services,1,1,100%,3
https://www.texasspecialed.com/districts/temple-isd/evaluation-child-find,1,1,100%,3
https://www.texasspecialed.com/districts/grand-prairie-isd/evaluation-child-find,1,1,100%,8
https://www.texasspecialed.com/districts/bastrop-isd,1,1,100%,12
https://www.texasspecialed.com/districts/garland-isd/special-ed-updates,0,115,0%,9.02
https://www.texasspecialed.com/blog/due-process-texas,0,88,0%,11.18
https://texasspecialed.com/districts/frisco-isd/,0,84,0%,9.88
https://www.texasspecialed.com/districts/frisco-isd/,0,82,0%,8.79
https://www.texasspecialed.com/blog/manifestation-determination,0,81,0%,10.48
https://www.texasspecialed.com/districts/mckinney-isd,0,81,0%,10.7
https://www.texasspecialed.com/blog/ard-meeting-tips,0,71,0%,10.63
https://www.texasspecialed.com/districts/hays-cisd/leadership-directory.html,0,58,0%,6.12
https://www.texasspecialed.com/districts/frisco-isd/grievance-dispute-resolution,0,49,0%,5.2
https://www.texasspecialed.com/districts/hays-cisd/leadership-directory,0,48,0%,6.52
https://www.texasspecialed.com/,0,47,0%,17.28
https://www.texasspecialed.com/districts/hays-cisd/partners,0,46,0%,7.15
https://www.texasspecialed.com/blog/dyslexia-hb3928-changes,0,45,0%,7.33
https://www.texasspecialed.com/understanding-fiie-texas,0,42,0%,8.17
https://www.texasspecialed.com/blog/how-to-write-measurable-iep-goals,0,41,0%,12.15
https://texasspecialed.com/,0,35,0%,33.46
https://www.texasspecialed.com/districts/hays-cisd,0,34,0%,10.35
https://www.texasspecialed.com/districts/el-paso-isd/grievance-dispute-resolution,0,31,0%,6.81
https://www.texasspecialed.com/districts/allen-isd/district-updates,0,31,0%,16.84
https://www.texasspecialed.com/districts/fort-worth-isd/grievance-dispute-resolution,0,28,0%,5.46
https://www.texasspecialed.com/districts/austin-isd/grievance-dispute-resolution,0,28,0%,5.96
https://www.texasspecialed.com/districts/rockwall-isd,0,27,0%,7.59
https://www.texasspecialed.com/districts/carroll-isd/leadership-directory.html,0,27,0%,10.41
https://www.texasspecialed.com/districts/north-east-isd/ard-process-guide.html.html,0,27,0%,15.26
https://www.texasspecialed.com/districts/humble-isd/ard-process-guide,0,27,0%,24.15
https://www.texasspecialed.com/districts/houston-isd/evaluation-child-find,0,26,0%,7.15
https://www.texasspecialed.com/districts/comal-isd/what-is-fie,0,25,0%,4.2
https://www.texasspecialed.com/districts/carrollton-farmers-branch-isd,0,25,0%,9.96
https://www.texasspecialed.com/districts/idea-public-schools/evaluation-child-find,0,25,0%,14.36
https://www.texasspecialed.com/districts/mckinney-isd/grievance-dispute-resolution.html,0,24,0%,6.17
https://www.texasspecialed.com/districts/leander-isd/,0,24,0%,9.12
https://www.texasspecialed.com/districts/comal-isd/what-is-fie.html,0,23,0%,3.65
https://www.texasspecialed.com/districts/northside-isd/grievance-dispute-resolution,0,23,0%,4.74
https://www.texasspecialed.com/districts/fort-worth-isd/ard-process-guide,0,22,0%,6.95
https://texasspecialed.com/districts/richardson-isd/,0,22,0%,7.55
https://www.texasspecialed.com/districts/united-isd/dyslexia-services,0,22,0%,8.45
https://www.texasspecialed.com/districts/burleson-isd/partners,0,21,0%,6.62
https://www.texasspecialed.com/districts/allen-isd/partners,0,21,0%,7.05
https://www.texasspecialed.com/districts/aldine-isd/leadership-directory,0,21,0%,8.24
https://www.texasspecialed.com/districts/weslaco-isd,0,21,0%,8.29
https://www.texasspecialed.com/what-to-do-when-school-denies-evaluation,0,20,0%,4.6
https://www.texasspecialed.com/districts/cypress-fairbanks-isd/partners,0,20,0%,7.7
https://www.texasspecialed.com/districts/conroe-isd/dyslexia-services,0,19,0%,4.11
https://www.texasspecialed.com/districts/keller-isd/grievance-dispute-resolution,0,19,0%,4.47
https://www.texasspecialed.com/districts/new-caney-isd,0,19,0%,9
https://www.texasspecialed.com/districts/idea-public-schools/dyslexia-services,0,19,0%,10.42
https://www.texasspecialed.com/districts/alvin-isd/grievance-dispute-resolution.html,0,18,0%,4.89
https://www.texasspecialed.com/districts/hays-cisd/ard-process-guide,0,18,0%,5.89
https://www.texasspecialed.com/districts/lamar-cisd/grievance-dispute-resolution,0,18,0%,6.06
https://www.texasspecialed.com/districts/conroe-isd/ard-process-guide,0,18,0%,11.06
https://www.texasspecialed.com/districts/waller-isd/grievance-dispute-resolution,0,17,0%,6.47
https://www.texasspecialed.com/districts/mansfield-isd/grievance-dispute-resolution,0,17,0%,6.59
https://www.texasspecialed.com/districts/magnolia-isd/partners,0,17,0%,7
https://www.texasspecialed.com/districts/spring-branch-isd/evaluation-child-find,0,17,0%,7.06
https://www.texasspecialed.com/districts/mcallen-isd/partners,0,17,0%,7.12
https://www.texasspecialed.com/districts/lamar-cisd/leadership-directory,0,17,0%,7.71
https://www.texasspecialed.com/about/,0,17,0%,82.76
https://www.texasspecialed.com/districts/el-paso-isd,0,16,0%,4.62
https://www.texasspecialed.com/districts/spring-isd/grievance-dispute-resolution,0,16,0%,5.25
https://www.texasspecialed.com/districts/austin-isd/ard-process-guide,0,16,0%,5.62
https://www.texasspecialed.com/districts/beaumont-isd,0,16,0%,6.06
https://www.texasspecialed.com/districts/el-paso-isd/ard-process-guide,0,16,0%,6.31
https://www.texasspecialed.com/districts/coppell-isd/partners,0,16,0%,7
https://www.texasspecialed.com/districts/tomball-isd/partners,0,16,0%,8
https://www.texasspecialed.com/districts/fort-worth-isd,0,16,0%,8.69
https://www.texasspecialed.com/districts/weslaco-isd/leadership-directory,0,15,0%,8.87
https://www.texasspecialed.com/districts/plano-isd/ard-process-guide,0,15,0%,11.8
https://www.texasspecialed.com/districts/denton-isd/partners,0,15,0%,16.53
https://www.texasspecialed.com/districts/frisco-isd/dyslexia-services,0,14,0%,5.5
https://www.texasspecialed.com/districts/del-valle-isd/leadership-directory,0,14,0%,6.86
https://www.texasspecialed.com/districts/prosper-isd/ard-process-guide,0,13,0%,2
https://www.texasspecialed.com/districts/allen-isd/evaluation-child-find.html,0,13,0%,3.62
https://www.texasspecialed.com/districts/birdville-isd/grievance-dispute-resolution,0,13,0%,6.54
https://www.texasspecialed.com/districts/killeen-isd/partners,0,13,0%,6.77
https://www.texasspecialed.com/districts/cypress-fairbanks-isd/ard-process-guide,0,13,0%,7.38
https://www.texasspecialed.com/districts/garland-isd/leadership-directory,0,13,0%,8
https://www.texasspecialed.com/districts/idea-public-schools/partners.html,0,13,0%,8.15
https://www.texasspecialed.com/districts/bryan-isd/partners,0,13,0%,8.54
https://www.texasspecialed.com/districts/brownsville-isd/partners,0,13,0%,9.08
https://www.texasspecialed.com/districts/college-station-isd,0,13,0%,9.77
https://www.texasspecialed.com/districts/east-central-isd/ard-process-guide,0,13,0%,10.15
http://texasspecialed.com/,0,13,0%,20.77
https://www.texasspecialed.com/districts/hays-cisd/evaluation-child-find.html,0,12,0%,6
https://www.texasspecialed.com/districts/new-caney-isd/partners,0,12,0%,6.67
https://texasspecialed.com/districts/midway-isd/,0,12,0%,6.92
https://www.texasspecialed.com/districts/carroll-isd/leadership-directory,0,12,0%,6.92
https://www.texasspecialed.com/districts/dallas-isd/dyslexia-services,0,12,0%,7.25
https://www.texasspecialed.com/districts/eanes-isd/partners,0,12,0%,8.25
https://www.texasspecialed.com/districts/aldine-isd/partners,0,12,0%,10.42
https://www.texasspecialed.com/districts/austin-isd/evaluation-child-find,0,11,0%,4.55
https://www.texasspecialed.com/districts/pharr-san-juan-alamo-isd/grievance-dispute-resolution,0,11,0%,5.18
https://www.texasspecialed.com/districts/dallas-isd,0,11,0%,5.64
https://www.texasspecialed.com/districts/belton-isd/leadership-directory,0,11,0%,6.18
https://www.texasspecialed.com/districts/lubbock-isd/dyslexia-services,0,11,0%,6.18
https://www.texasspecialed.com/districts/klein-isd,0,11,0%,6.36
https://www.texasspecialed.com/districts/houston-isd/leadership-directory,0,11,0%,6.64
https://www.texasspecialed.com/districts/leander-isd/leadership-directory,0,11,0%,7.55
https://www.texasspecialed.com/districts/spring-isd/ard-process-guide,0,11,0%,7.91
https://www.texasspecialed.com/districts/richardson-isd,0,11,0%,8.27
https://www.texasspecialed.com/districts/el-paso-isd/dyslexia-services,0,11,0%,8.36
https://www.texasspecialed.com/districts/ector-county-isd/grievance-dispute-resolution,0,11,0%,9.64
https://www.texasspecialed.com/districts/prosper-isd/,0,11,0%,10.82
https://www.texasspecialed.com/how-to-write-measurable-iep-goals,0,11,0%,14.82
https://www.texasspecialed.com/districts/royse-city-isd/ard-process-guide,0,10,0%,3
https://www.texasspecialed.com/districts/brownsville-isd/grievance-dispute-resolution,0,10,0%,3.8
https://www.texasspecialed.com/districts/allen-isd/evaluation-child-find,0,10,0%,4.2
https://www.texasspecialed.com/districts/leander-isd/evaluation-child-find,0,10,0%,4.8
https://www.texasspecialed.com/districts/santa-fe-isd,0,10,0%,6
https://www.texasspecialed.com/districts/pflugerville-isd/leadership-directory,0,10,0%,6.3
https://www.texasspecialed.com/districts/idea-public-schools/partners,0,10,0%,6.6
https://www.texasspecialed.com/districts/georgetown-isd/leadership-directory,0,10,0%,6.9
https://www.texasspecialed.com/districts/denton-isd/dyslexia-services,0,10,0%,7
https://www.texasspecialed.com/districts/ysleta-isd/grievance-dispute-resolution,0,10,0%,7
https://www.texasspecialed.com/districts/eagle-mountain-saginaw-isd/evaluation-child-find,0,10,0%,7.3
https://www.texasspecialed.com/districts/schertz-cibolo-universal-city-isd/leadership-directory,0,10,0%,7.7
https://www.texasspecialed.com/districts/schertz-cibolo-universal-city-isd/grievance-dispute-resolution,0,9,0%,4
https://www.texasspecialed.com/districts/prosper-isd/grievance-dispute-resolution,0,9,0%,5
https://www.texasspecialed.com/districts/mesquite-isd/evaluation-child-find,0,9,0%,5.67
https://www.texasspecialed.com/about,0,9,0%,6.11
https://www.texasspecialed.com/districts/richardson-isd/dyslexia-services,0,9,0%,6.33
https://www.texasspecialed.com/districts/spring-isd/partners,0,9,0%,7.11
https://www.texasspecialed.com/districts/round-rock-isd/partners,0,9,0%,7.33
https://www.texasspecialed.com/districts/lubbock-isd/partners.html,0,9,0%,7.44
https://www.texasspecialed.com/districts/north-east-isd,0,9,0%,8
https://www.texasspecialed.com/districts/northside-isd/partners,0,9,0%,8.22
https://www.texasspecialed.com/districts/grapevine-colleyville-isd,0,9,0%,8.67
https://www.texasspecialed.com/districts/corpus-christi-isd/leadership-directory,0,9,0%,8.89
https://www.texasspecialed.com/blog/child-find-obligations,0,9,0%,22.67
https://www.texasspecialed.com/districts/lake-travis-isd/ard-process-guide,0,8,0%,1.5
https://www.texasspecialed.com/districts/rockwall-isd/grievance-dispute-resolution,0,8,0%,2.88
https://www.texasspecialed.com/districts/idea-public-schools/leadership-directory,0,8,0%,4.62
https://www.texasspecialed.com/districts/pasadena-isd/ard-process-guide,0,8,0%,5.12
https://www.texasspecialed.com/districts/alief-isd/grievance-dispute-resolution,0,8,0%,5.38
https://www.texasspecialed.com/districts/spring-branch-isd,0,8,0%,5.88
https://www.texasspecialed.com/districts/lewisville-isd/dyslexia-services,0,8,0%,6.12
https://www.texasspecialed.com/districts/spring-isd/leadership-directory,0,8,0%,6.12
https://www.texasspecialed.com/districts/spring-branch-isd/leadership-directory,0,8,0%,6.38
https://www.texasspecialed.com/districts/midway-isd/,0,8,0%,6.5
https://www.texasspecialed.com/districts/comal-isd/partners,0,8,0%,6.88
https://www.texasspecialed.com/districts/rockwall-isd/evaluation-child-find,0,8,0%,6.88
https://www.texasspecialed.com/districts/bastrop-isd/partners,0,8,0%,7
https://www.texasspecialed.com/districts/katy-isd/dyslexia-services,0,8,0%,7.62
https://www.texasspecialed.com/districts/houston-isd,0,8,0%,8.25
https://www.texasspecialed.com/districts/corpus-christi-isd,0,8,0%,8.75
https://www.texasspecialed.com/districts/bryan-isd/,0,8,0%,9
https://www.texasspecialed.com/districts/midland-isd/dyslexia-services,0,8,0%,9.75
https://www.texasspecialed.com/districts/schertz-cibolo-universal-city-isd/dyslexia-services,0,7,0%,2.57
https://www.texasspecialed.com/districts/midland-isd/grievance-dispute-resolution,0,7,0%,3.43
https://www.texasspecialed.com/districts/allen-isd,0,7,0%,4.29
https://www.texasspecialed.com/districts/la-joya-isd/grievance-dispute-resolution,0,7,0%,4.29
https://www.texasspecialed.com/districts/seguin-isd/ard-process-guide,0,7,0%,4.43
https://www.texasspecialed.com/districts/schertz-cibolo-universal-city-isd/ard-process-guide,0,7,0%,4.57
https://www.texasspecialed.com/districts/killeen-isd/ard-process-guide,0,7,0%,4.86
https://www.texasspecialed.com/districts/northside-isd/ard-process-guide,0,7,0%,5.43
https://texasspecialed.com/districts/bryan-isd/,0,7,0%,5.57
https://www.texasspecialed.com/districts/mckinney-isd/evaluation-child-find,0,7,0%,5.71
https://www.texasspecialed.com/districts/wylie-isd,0,7,0%,6.14
https://www.texasspecialed.com/districts/birdville-isd/evaluation-child-find,0,7,0%,7
https://www.texasspecialed.com/districts/hurst-euless-bedford-isd/partners,0,7,0%,7.43
https://www.texasspecialed.com/districts/pasadena-isd/grievance-dispute-resolution,0,7,0%,7.43
https://www.texasspecialed.com/districts/richardson-isd/leadership-directory,0,7,0%,7.57
https://www.texasspecialed.com/districts/spring-isd,0,7,0%,7.57
https://www.texasspecialed.com/districts/burleson-isd/partners.html,0,7,0%,7.71
https://www.texasspecialed.com/districts/bastrop-isd/leadership-directory,0,7,0%,7.86
https://www.texasspecialed.com/districts/tyler-isd/leadership-directory,0,7,0%,8
https://www.texasspecialed.com/districts/waller-isd/evaluation-child-find,0,7,0%,8.43
https://www.texasspecialed.com/districts/round-rock-isd/leadership-directory,0,7,0%,8.86
https://www.texasspecialed.com/districts/comal-isd/partners.html,0,7,0%,11.14
https://www.texasspecialed.com/districts/harlingen-cisd/leadership-directory,0,7,0%,11.57
https://www.texasspecialed.com/resources,0,7,0%,11.71
https://www.texasspecialed.com/districts/prosper-isd,0,7,0%,11.86
https://www.texasspecialed.com/districts/dallas-isd/partners.html,0,7,0%,14
https://www.texasspecialed.com/districts/beaumont-isd/ard-process-guide,0,6,0%,1.67
https://www.texasspecialed.com/districts/allen-isd/dyslexia-services,0,6,0%,3.83
https://www.texasspecialed.com/districts/harmony-public-schools-combined/dyslexia-services,0,6,0%,4.17
https://www.texasspecialed.com/districts/prosper-isd/grievance-dispute-resolution.html,0,6,0%,4.17
https://www.texasspecialed.com/districts/san-antonio-isd/leadership-directory,0,6,0%,4.17
https://www.texasspecialed.com/districts/spring-isd/grievance-dispute-resolution.html,0,6,0%,4.83
https://www.texasspecialed.com/districts/allen-isd/grievance-dispute-resolution,0,6,0%,5.17
https://www.texasspecialed.com/districts/waco-isd/partners,0,6,0%,5.17
https://www.texasspecialed.com/districts/comal-isd,0,6,0%,5.5
https://www.texasspecialed.com/districts/forney-isd/evaluation-child-find,0,6,0%,5.5
https://www.texasspecialed.com/districts/hays-cisd/partners.html,0,6,0%,5.5
https://www.texasspecialed.com/districts/seguin-isd/partners,0,6,0%,5.67
https://www.texasspecialed.com/districts/frisco-isd/leadership-directory,0,6,0%,6.5
https://www.texasspecialed.com/districts/melissa-isd/grievance-dispute-resolution,0,6,0%,6.5
https://www.texasspecialed.com/districts/comal-isd/index.html,0,6,0%,7.17
https://www.texasspecialed.com/districts/forney-isd/leadership-directory,0,6,0%,7.17
https://www.texasspecialed.com/districts/mcallen-isd/leadership-directory,0,6,0%,7.33
https://www.texasspecialed.com/districts/tyler-isd/ard-process-guide,0,6,0%,7.33
https://www.texasspecialed.com/districts/corpus-christi-isd/partners,0,6,0%,8.5
https://www.texasspecialed.com/districts/cypress-fairbanks-isd/ard-process-guide.html.html,0,6,0%,8.5
https://www.texasspecialed.com/districts/brownsville-isd/leadership-directory.html,0,6,0%,8.83
https://www.texasspecialed.com/districts/dallas-isd/partners,0,6,0%,9.17
https://www.texasspecialed.com/districts/klein-isd/partners,0,6,0%,10.5
https://www.texasspecialed.com/districts/carrollton-farmers-branch-isd/partners,0,6,0%,11
https://www.texasspecialed.com/districts/austin-isd/leadership-directory,0,6,0%,16
https://www.texasspecialed.com/districts/midland-isd/ard-process-guide,0,6,0%,32.17
https://www.texasspecialed.com/districts/eagle-mountain-saginaw-isd/dyslexia-services,0,5,0%,3
https://www.texasspecialed.com/districts/dallas-isd/evaluation-child-find,0,5,0%,3.6
https://www.texasspecialed.com/districts/denton-isd/grievance-dispute-resolution,0,5,0%,4.8
https://www.texasspecialed.com/districts/crowley-isd/partners,0,5,0%,5.2
https://www.texasspecialed.com/districts/amarillo-isd/dyslexia-services,0,5,0%,5.4
https://www.texasspecialed.com/districts/idea-public-schools,0,5,0%,5.4
https://www.texasspecialed.com/districts/east-central-isd/leadership-directory,0,5,0%,5.6
https://www.texasspecialed.com/districts/mansfield-isd/dyslexia-services,0,5,0%,5.6
https://www.texasspecialed.com/districts/plano-isd/leadership-directory,0,5,0%,6
https://www.texasspecialed.com/districts/copperas-cove-isd/leadership-directory,0,5,0%,6.2
https://www.texasspecialed.com/districts/del-valle-isd,0,5,0%,6.2
https://www.texasspecialed.com/districts/laredo-isd/leadership-directory,0,5,0%,6.2
https://www.texasspecialed.com/districts/mission-cisd,0,5,0%,6.2
https://www.texasspecialed.com/districts/rockwall-isd/ard-process-guide,0,5,0%,6.2
https://www.texasspecialed.com/districts/del-valle-isd/grievance-dispute-resolution,0,5,0%,6.4
https://www.texasspecialed.com/districts/lake-travis-isd/partners,0,5,0%,6.4
https://www.texasspecialed.com/districts/pflugerville-isd,0,5,0%,6.6
https://www.texasspecialed.com/districts/waco-isd/dyslexia-services,0,5,0%,6.6
https://www.texasspecialed.com/districts/hurst-euless-bedford-isd/evaluation-child-find,0,5,0%,6.8
https://www.texasspecialed.com/districts/melissa-isd,0,5,0%,6.8
https://www.texasspecialed.com/districts/sherman-isd/leadership-directory,0,5,0%,7.2
https://www.texasspecialed.com/districts/leander-isd/ard-process-guide,0,5,0%,7.4
https://www.texasspecialed.com/districts/garland-isd/dyslexia-services,0,5,0%,7.6
https://www.texasspecialed.com/districts/longview-isd,0,5,0%,7.8
https://www.texasspecialed.com/districts/montgomery-isd,0,5,0%,7.8
https://www.texasspecialed.com/districts/channelview-isd/partners,0,5,0%,8
https://www.texasspecialed.com/districts/crosby-isd,0,5,0%,8
https://www.texasspecialed.com/districts/aldine-isd/ard-process-guide,0,5,0%,8.8
https://www.texasspecialed.com/districts/clint-isd/leadership-directory,0,5,0%,8.8
https://www.texasspecialed.com/districts/crowley-isd/leadership-directory,0,5,0%,12.2
https://www.texasspecialed.com/districts/new-caney-isd/evaluation-child-find,0,5,0%,13.6
https://www.texasspecialed.com/districts/lubbock-isd/dyslexia-services.html,0,4,0%,1.25
https://www.texasspecialed.com/districts/la-joya-isd/evaluation-child-find,0,4,0%,1.75
https://www.texasspecialed.com/districts/hays-cisd/dyslexia-services,0,4,0%,2.75
https://www.texasspecialed.com/districts/pharr-san-juan-alamo-isd/dyslexia-services,0,4,0%,4
https://www.texasspecialed.com/districts/crowley-isd/grievance-dispute-resolution,0,4,0%,4.25
https://www.texasspecialed.com/districts/san-antonio-isd/evaluation-child-find,0,4,0%,4.75
https://www.texasspecialed.com/districts/forney-isd/grievance-dispute-resolution,0,4,0%,5.25
https://www.texasspecialed.com/districts/laredo-isd/grievance-dispute-resolution,0,4,0%,5.25
https://www.texasspecialed.com/districts/pasadena-isd,0,4,0%,5.5
https://www.texasspecialed.com/districts/brownsville-isd,0,4,0%,6
https://www.texasspecialed.com/districts/clint-isd/leadership-directory.html,0,4,0%,6
https://www.texasspecialed.com/districts/little-elm-isd/dyslexia-services,0,4,0%,6.25
https://www.texasspecialed.com/districts/burleson-isd/leadership-directory,0,4,0%,6.5
https://www.texasspecialed.com/districts/santa-fe-isd/leadership-directory,0,4,0%,6.75
https://www.texasspecialed.com/districts/plano-isd,0,4,0%,7
https://www.texasspecialed.com/districts/georgetown-isd/grievance-dispute-resolution,0,4,0%,7.25
https://www.texasspecialed.com/districts/abilene-isd/partners.html,0,4,0%,7.75
https://www.texasspecialed.com/districts/donna-isd/partners,0,4,0%,7.75
https://www.texasspecialed.com/districts/lewisville-isd/leadership-directory,0,4,0%,9
https://www.texasspecialed.com/districts/midway-isd/leadership-directory,0,4,0%,9
https://www.texasspecialed.com/districts/belton-isd,0,4,0%,10
https://www.texasspecialed.com/districts/prosper-isd/leadership-directory,0,4,0%,10.5
https://www.texasspecialed.com/districts/san-angelo-isd,0,4,0%,10.5
https://www.texasspecialed.com/districts/keller-isd/leadership-directory,0,4,0%,11
https://www.texasspecialed.com/districts/aldine-isd,0,4,0%,12
https://www.texasspecialed.com/districts/bryan-isd/evaluation-child-find,0,4,0%,12.5
https://www.texasspecialed.com/districts/houston-isd/partners,0,4,0%,17.75
https://www.texasspecialed.com/resources/iep-goal-tracker.pdf,0,4,0%,25.25
https://www.texasspecialed.com/districts/mcallen-isd/evaluation-child-find,0,4,0%,26.25
https://www.texasspecialed.com/districts/corpus-christi-isd/evaluation-child-find,0,4,0%,26.75
https://www.texasspecialed.com/districts/northside-isd/what-is-fie,0,3,0%,1
https://www.texasspecialed.com/districts/bastrop-isd/dyslexia-services,0,3,0%,1.33
https://www.texasspecialed.com/districts/harlingen-cisd/grievance-dispute-resolution,0,3,0%,2.33
https://www.texasspecialed.com/districts/temple-isd/leadership-directory,0,3,0%,2.33
https://www.texasspecialed.com/districts/schertz-cibolo-universal-city-isd/partners,0,3,0%,3.33
https://www.texasspecialed.com/districts/comal-isd/dyslexia-services,0,3,0%,3.67
https://www.texasspecialed.com/districts/northside-isd/dyslexia-services,0,3,0%,3.67
https://www.texasspecialed.com/districts/crowley-isd/dyslexia-services,0,3,0%,4.33
https://www.texasspecialed.com/districts/midland-isd/evaluation-child-find,0,3,0%,4.67
https://www.texasspecialed.com/districts/victoria-isd/ard-process-guide.html,0,3,0%,4.67
https://www.texasspecialed.com/districts/dickinson-isd/evaluation-child-find,0,3,0%,5
https://www.texasspecialed.com/districts/grapevine-colleyville-isd/grievance-dispute-resolution,0,3,0%,5
https://www.texasspecialed.com/districts/rio-grande-city-grulla-isd/ard-process-guide,0,3,0%,5
https://www.texasspecialed.com/districts/new-caney-isd/grievance-dispute-resolution,0,3,0%,5.33
https://www.texasspecialed.com/districts/lubbock-isd/grievance-dispute-resolution,0,3,0%,5.67
https://www.texasspecialed.com/districts/united-isd/leadership-directory,0,3,0%,5.67
https://www.texasspecialed.com/districts/waco-isd,0,3,0%,5.67
https://www.texasspecialed.com/districts/austin-isd/what-is-fie,0,3,0%,6
https://www.texasspecialed.com/districts/grapevine-colleyville-isd/leadership-directory,0,3,0%,6
https://www.texasspecialed.com/districts/crowley-isd/evaluation-child-find,0,3,0%,6.33
https://www.texasspecialed.com/districts/georgetown-isd/partners,0,3,0%,6.33
https://www.texasspecialed.com/districts/crosby-isd/leadership-directory,0,3,0%,7
https://www.texasspecialed.com/districts/harmony-public-schools-combined/leadership-directory,0,3,0%,7
https://www.texasspecialed.com/districts/san-angelo-isd/grievance-dispute-resolution,0,3,0%,7
https://www.texasspecialed.com/districts/wichita-falls-isd/leadership-directory,0,3,0%,7.33
https://www.texasspecialed.com/districts/carrollton-farmers-branch-isd/grievance-dispute-resolution,0,3,0%,7.67
https://www.texasspecialed.com/districts/new-caney-isd/dyslexia-services,0,3,0%,7.67
https://www.texasspecialed.com/districts/sherman-isd/grievance-dispute-resolution,0,3,0%,7.67
https://www.texasspecialed.com/districts/little-elm-isd/partners,0,3,0%,8
https://www.texasspecialed.com/districts/round-rock-isd,0,3,0%,8
https://www.texasspecialed.com/districts/texas-city-isd,0,3,0%,8
https://www.texasspecialed.com/districts/abilene-isd/partners,0,3,0%,8.33
https://www.texasspecialed.com/districts/birdville-isd/partners,0,3,0%,8.33
https://www.texasspecialed.com/districts/coppell-isd,0,3,0%,8.33
https://www.texasspecialed.com/districts/longview-isd/leadership-directory,0,3,0%,8.67
https://www.texasspecialed.com/districts/mckinney-isd/partners,0,3,0%,9.67
https://www.texasspecialed.com/districts/lubbock-isd/ard-process-guide.html,0,3,0%,10
https://www.texasspecialed.com/districts/lubbock-isd/ard-process-guide,0,3,0%,11.67
https://www.texasspecialed.com/districts/little-elm-isd,0,3,0%,12.33
https://www.texasspecialed.com/districts/houston-isd/dyslexia-services,0,3,0%,12.67
https://www.texasspecialed.com/districts/aldine-isd/dyslexia-services,0,3,0%,14.67
https://www.texasspecialed.com/blog/special-ed-discipline-texas,0,3,0%,16.33
https://www.texasspecialed.com/districts/conroe-isd,0,3,0%,20.67
https://www.texasspecialed.com/districts/irving-isd/evaluation-child-find,0,3,0%,21.67
https://www.texasspecialed.com/districts/abilene-isd,0,3,0%,28.67
https://www.texasspecialed.com/districts/aldine-isd/what-is-fie,0,2,0%,1
https://www.texasspecialed.com/districts/edinburg-cisd/ard-process-guide,0,2,0%,1
https://www.texasspecialed.com/districts/georgetown-isd/ard-process-guide,0,2,0%,1
https://www.texasspecialed.com/districts/midway-isd/grievance-dispute-resolution,0,2,0%,1
https://www.texasspecialed.com/districts/new-caney-isd/ard-process-guide,0,2,0%,1
https://www.texasspecialed.com/districts/pflugerville-isd/evaluation-child-find,0,2,0%,1
https://www.texasspecialed.com/districts/santa-fe-isd/dyslexia-services,0,2,0%,1
https://www.texasspecialed.com/districts/eagle-mountain-saginaw-isd/evaluation-child-find.html,0,2,0%,1.5
https://www.texasspecialed.com/districts/denton-isd/evaluation-child-find,0,2,0%,2.5
https://www.texasspecialed.com/districts/prosper-isd/dyslexia-services,0,2,0%,3
https://www.texasspecialed.com/districts/seguin-isd/dyslexia-services,0,2,0%,3
https://www.texasspecialed.com/districts/east-central-isd/grievance-dispute-resolution,0,2,0%,3.5
https://www.texasspecialed.com/districts/humble-isd/partners,0,2,0%,3.5
https://www.texasspecialed.com/districts/crosby-isd/ard-process-guide,0,2,0%,4
https://www.texasspecialed.com/districts/amarillo-isd/grievance-dispute-resolution,0,2,0%,4.5
https://www.texasspecialed.com/districts/friendswood-isd/leadership-directory,0,2,0%,4.5
https://www.texasspecialed.com/districts/college-station-isd/partners,0,2,0%,5
https://www.texasspecialed.com/districts/eagle-mountain-saginaw-isd/partners,0,2,0%,5
https://www.texasspecialed.com/districts/grand-prairie-isd/dyslexia-services,0,2,0%,5
https://www.texasspecialed.com/districts/magnolia-isd/dyslexia-services,0,2,0%,5
https://www.texasspecialed.com/districts/brownsville-isd/leadership-directory,0,2,0%,5.5
https://www.texasspecialed.com/districts/lamar-cisd,0,2,0%,5.5
https://www.texasspecialed.com/districts/weslaco-isd/leadership-directory.html,0,2,0%,5.5
https://www.texasspecialed.com/districts/ysleta-isd/evaluation-child-find,0,2,0%,5.5
https://www.texasspecialed.com/districts/amarillo-isd/evaluation-child-find,0,2,0%,6
https://www.texasspecialed.com/districts/birdville-isd/dyslexia-services,0,2,0%,6
https://www.texasspecialed.com/districts/burleson-isd/grievance-dispute-resolution,0,2,0%,6
https://www.texasspecialed.com/districts/fort-bend-isd/dyslexia-services,0,2,0%,6
https://www.texasspecialed.com/districts/katy-isd/partners,0,2,0%,6
https://www.texasspecialed.com/districts/northwest-isd/evaluation-child-find,0,2,0%,6
https://www.texasspecialed.com/districts/georgetown-isd,0,2,0%,6.5
https://www.texasspecialed.com/districts/longview-isd/grievance-dispute-resolution,0,2,0%,6.5
https://www.texasspecialed.com/districts/amarillo-isd/ard-process-guide,0,2,0%,7
https://www.texasspecialed.com/districts/grand-prairie-isd/grievance-dispute-resolution,0,2,0%,7
https://www.texasspecialed.com/districts/magnolia-isd/ard-process-guide,0,2,0%,7
https://www.texasspecialed.com/districts/north-east-isd/special-ed-updates,0,2,0%,7
https://www.texasspecialed.com/districts/waller-isd/leadership-directory,0,2,0%,7
https://www.texasspecialed.com/districts/alief-isd,0,2,0%,7.5
https://www.texasspecialed.com/districts/alvin-isd/dyslexia-services,0,2,0%,7.5
https://www.texasspecialed.com/districts/clear-creek-isd/dyslexia-services,0,2,0%,7.5
https://www.texasspecialed.com/districts/melissa-isd/evaluation-child-find,0,2,0%,7.5
https://www.texasspecialed.com/districts/sherman-isd,0,2,0%,8
https://www.texasspecialed.com/districts/sherman-isd/partners,0,2,0%,8
https://www.texasspecialed.com/districts/alvin-isd/partners,0,2,0%,8.5
https://www.texasspecialed.com/districts/bastrop-isd/leadership-directory.html,0,2,0%,8.5
https://www.texasspecialed.com/districts/lake-travis-isd/leadership-directory,0,2,0%,8.5
https://www.texasspecialed.com/districts/north-east-isd/partners,0,2,0%,8.5
https://www.texasspecialed.com/districts/rio-grande-city-grulla-isd/grievance-dispute-resolution,0,2,0%,8.5
https://www.texasspecialed.com/districts/rockwall-isd/leadership-directory,0,2,0%,8.5
https://www.texasspecialed.com/districts/pflugerville-isd/dyslexia-services,0,2,0%,9
https://www.texasspecialed.com/districts/rockwall-isd/dyslexia-services,0,2,0%,9
https://www.texasspecialed.com/districts/humble-isd/evaluation-child-find,0,2,0%,9.5
https://www.texasspecialed.com/districts/san-antonio-isd/dyslexia-services,0,2,0%,9.5
https://www.texasspecialed.com/districts/united-isd/dyslexia-services.html,0,2,0%,9.5
https://www.texasspecialed.com/districts/birdville-isd/leadership-directory,0,2,0%,10
https://www.texasspecialed.com/districts/college-station-isd/dyslexia-services,0,2,0%,10
https://www.texasspecialed.com/districts/fort-worth-isd/partners,0,2,0%,10
https://www.texasspecialed.com/districts/humble-isd/leadership-directory,0,2,0%,10
https://www.texasspecialed.com/districts/leander-isd/partners,0,2,0%,10
https://www.texasspecialed.com/districts/mansfield-isd/leadership-directory,0,2,0%,10
https://www.texasspecialed.com/districts/san-benito-cisd/ard-process-guide,0,2,0%,10
https://www.texasspecialed.com/districts/klein-isd/leadership-directory,0,2,0%,10.5
https://www.texasspecialed.com/districts/victoria-isd/evaluation-child-find,0,2,0%,10.5
https://www.texasspecialed.com/districts/denton-isd/ard-process-guide,0,2,0%,11
https://www.texasspecialed.com/districts/san-angelo-isd/partners,0,2,0%,11
https://www.texasspecialed.com/districts/laredo-isd/partners,0,2,0%,12
https://www.texasspecialed.com/districts/ector-county-isd/leadership-directory,0,2,0%,13.5
https://www.texasspecialed.com/districts/lamar-cisd/ard-process-guide,0,2,0%,13.5
https://www.texasspecialed.com/districts/northside-isd,0,2,0%,17
https://www.texasspecialed.com/districts/san-antonio-isd,0,2,0%,30
https://www.texasspecialed.com/districts/grand-prairie-isd/ard-process-guide.html,0,2,0%,45.5
https://www.texasspecialed.com/districts/beaumont-isd/dyslexia-services,0,1,0%,1
https://www.texasspecialed.com/districts/brownsville-isd/evaluation-child-find,0,1,0%,1
https://www.texasspecialed.com/districts/bryan-isd/dyslexia-services,0,1,0%,1
https://www.texasspecialed.com/districts/clint-isd/grievance-dispute-resolution,0,1,0%,1
https://www.texasspecialed.com/districts/del-valle-isd/evaluation-child-find,0,1,0%,1
https://www.texasspecialed.com/districts/eagle-mountain-saginaw-isd,0,1,0%,1
https://www.texasspecialed.com/districts/el-paso-isd/evaluation-child-find,0,1,0%,1
https://www.texasspecialed.com/districts/forney-isd/ard-process-guide,0,1,0%,1
https://www.texasspecialed.com/districts/fort-bend-isd/what-is-fie,0,1,0%,1
https://www.texasspecialed.com/districts/houston-isd/what-is-fie,0,1,0%,1
https://www.texasspecialed.com/districts/humble-isd/partners.html,0,1,0%,1
https://www.texasspecialed.com/districts/irving-isd,0,1,0%,1
https://www.texasspecialed.com/districts/katy-isd/what-is-fie,0,1,0%,1
https://www.texasspecialed.com/districts/keller-isd/partners,0,1,0%,1
https://www.texasspecialed.com/districts/lake-travis-isd/grievance-dispute-resolution,0,1,0%,1
https://www.texasspecialed.com/districts/leander-isd,0,1,0%,1
https://www.texasspecialed.com/districts/mckinney-isd/dyslexia-services,0,1,0%,1
https://www.texasspecialed.com/districts/midway-isd/evaluation-child-find,0,1,0%,1
https://www.texasspecialed.com/districts/mission-cisd/evaluation-child-find,0,1,0%,1
https://www.texasspecialed.com/districts/cypress-fairbanks-isd/dyslexia-services,0,1,0%,2
https://www.texasspecialed.com/districts/edinburg-cisd/what-is-fie.html,0,1,0%,2
https://www.texasspecialed.com/districts/keller-isd/dyslexia-services,0,1,0%,2
https://www.texasspecialed.com/districts/la-joya-isd/ard-process-guide,0,1,0%,2
https://www.texasspecialed.com/districts/pasadena-isd/dyslexia-services,0,1,0%,2
https://www.texasspecialed.com/districts/goose-creek-cisd/dyslexia-services,0,1,0%,3
https://www.texasspecialed.com/districts/lubbock-isd/evaluation-child-find,0,1,0%,3
https://www.texasspecialed.com/districts/lubbock-isd/grievance-dispute-resolution.html,0,1,0%,3
https://www.texasspecialed.com/districts/socorro-isd/grievance-dispute-resolution,0,1,0%,3
https://www.texasspecialed.com/districts/belton-isd/evaluation-child-find,0,1,0%,4
https://www.texasspecialed.com/districts/grand-prairie-isd/leadership-directory,0,1,0%,4
https://www.texasspecialed.com/districts/lubbock-isd/leadership-directory,0,1,0%,4
https://www.texasspecialed.com/blog/prior-written-notice-texas,0,1,0%,5
https://www.texasspecialed.com/blog/understanding-fiie-texas,0,1,0%,5
https://www.texasspecialed.com/districts/carrollton-farmers-branch-isd/dyslexia-services,0,1,0%,5
https://www.texasspecialed.com/districts/coppell-isd/ard-process-guide,0,1,0%,5
https://www.texasspecialed.com/districts/mcallen-isd/dyslexia-services,0,1,0%,5
https://www.texasspecialed.com/districts/rio-grande-city-grulla-isd,0,1,0%,5
https://www.texasspecialed.com/districts/seguin-isd/leadership-directory,0,1,0%,5
https://www.texasspecialed.com/districts/ysleta-isd/partners,0,1,0%,5
https://www.texasspecialed.com/blog/10-questions-to-ask-at-ard-meeting,0,1,0%,6
https://www.texasspecialed.com/districts/amarillo-isd/,0,1,0%,6
https://www.texasspecialed.com/districts/clear-creek-isd/evaluation-child-find,0,1,0%,6
https://www.texasspecialed.com/districts/laredo-isd/index.html,0,1,0%,6
https://www.texasspecialed.com/districts/pflugerville-isd/,0,1,0%,6
https://www.texasspecialed.com/districts/round-rock-isd/dyslexia-services,0,1,0%,6
https://www.texasspecialed.com/districts/texarkana-isd/partners,0,1,0%,6
https://www.texasspecialed.com/districts/waco-isd/grievance-dispute-resolution,0,1,0%,6
https://www.texasspecialed.com/districts/austin-isd,0,1,0%,7
https://www.texasspecialed.com/districts/channelview-isd/leadership-directory,0,1,0%,7
https://www.texasspecialed.com/districts/hurst-euless-bedford-isd/leadership-directory,0,1,0%,7
https://www.texasspecialed.com/districts/keller-isd/evaluation-child-find,0,1,0%,7
https://www.texasspecialed.com/districts/laredo-isd,0,1,0%,7
https://www.texasspecialed.com/districts/laredo-isd/evaluation-child-find,0,1,0%,7
https://www.texasspecialed.com/districts/pasadena-isd/leadership-directory,0,1,0%,7
https://www.texasspecialed.com/districts/schertz-cibolo-universal-city-isd/evaluation-child-find,0,1,0%,7
https://www.texasspecialed.com/districts/texas-city-isd/leadership-directory,0,1,0%,7
https://www.texasspecialed.com/districts/waco-isd/leadership-directory,0,1,0%,7
https://www.texasspecialed.com/districts/weslaco-isd/grievance-dispute-resolution,0,1,0%,7
https://texasspecialed.com/districts/amarillo-isd/,0,1,0%,8
https://www.texasspecialed.com/districts/bryan-isd/leadership-directory,0,1,0%,8
https://www.texasspecialed.com/districts/melissa-isd/leadership-directory,0,1,0%,8
https://www.texasspecialed.com/districts/montgomery-isd/grievance-dispute-resolution,0,1,0%,8
https://www.texasspecialed.com/districts/pharr-san-juan-alamo-isd/,0,1,0%,8
https://www.texasspecialed.com/districts/pharr-san-juan-alamo-isd/leadership-directory,0,1,0%,8
https://www.texasspecialed.com/districts/pharr-san-juan-alamo-isd/partners,0,1,0%,8
https://www.texasspecialed.com/districts/wichita-falls-isd,0,1,0%,8
https://www.texasspecialed.com/districts/wylie-isd/partners,0,1,0%,8
https://www.texasspecialed.com/districts/abilene-isd/leadership-directory,0,1,0%,9
https://www.texasspecialed.com/districts/arlington-isd/leadership-directory,0,1,0%,9
https://www.texasspecialed.com/districts/brownsville-isd/dyslexia-services,0,1,0%,9
https://www.texasspecialed.com/districts/clint-isd/partners,0,1,0%,9
https://www.texasspecialed.com/districts/crosby-isd/grievance-dispute-resolution,0,1,0%,9
https://www.texasspecialed.com/districts/eagle-mountain-saginaw-isd/grievance-dispute-resolution,0,1,0%,9
https://www.texasspecialed.com/districts/forney-isd/evaluation-child-find.html,0,1,0%,9
https://www.texasspecialed.com/districts/goose-creek-cisd,0,1,0%,9
https://www.texasspecialed.com/districts/goose-creek-cisd/grievance-dispute-resolution,0,1,0%,9
https://www.texasspecialed.com/districts/richardson-isd/evaluation-child-find,0,1,0%,9
https://www.texasspecialed.com/districts/royse-city-isd/dyslexia-services,0,1,0%,9
https://www.texasspecialed.com/districts/texas-city-isd/evaluation-child-find,0,1,0%,9
https://www.texasspecialed.com/districts/victoria-isd/ard-process-guide,0,1,0%,9
https://www.texasspecialed.com/districts/wichita-falls-isd/partners,0,1,0%,9
https://texasspecialed.com/districts/clint-isd/,0,1,0%,10
https://www.texasspecialed.com/districts/alvin-isd/evaluation-child-find,0,1,0%,10
https://www.texasspecialed.com/districts/clint-isd/,0,1,0%,10
https://www.texasspecialed.com/districts/crowley-isd/ard-process-guide,0,1,0%,10
https://www.texasspecialed.com/districts/ector-county-isd,0,1,0%,10
https://www.texasspecialed.com/districts/edinburg-cisd/evaluation-child-find,0,1,0%,10
https://www.texasspecialed.com/districts/garland-isd/partners,0,1,0%,10
https://www.texasspecialed.com/districts/lewisville-isd,0,1,0%,10
https://www.texasspecialed.com/districts/princeton-isd/dyslexia-services,0,1,0%,10
https://www.texasspecialed.com/districts/san-benito-cisd/partners,0,1,0%,10
https://www.texasspecialed.com/districts/spring-isd/dyslexia-services.html,0,1,0%,10
https://www.texasspecialed.com/districts/texas-city-isd/grievance-dispute-resolution,0,1,0%,10
https://www.texasspecialed.com/districts/united-isd,0,1,0%,10
https://www.texasspecialed.com/districts/waller-isd,0,1,0%,10
https://www.texasspecialed.com/districts/alief-isd/ard-process-guide,0,1,0%,11
https://www.texasspecialed.com/districts/magnolia-isd/evaluation-child-find,0,1,0%,11
https://www.texasspecialed.com/districts/royse-city-isd/partners,0,1,0%,11
https://www.texasspecialed.com/districts/temple-isd,0,1,0%,11
https://www.texasspecialed.com/districts/dickinson-isd/dyslexia-services,0,1,0%,12
https://www.texasspecialed.com/districts/edinburg-cisd/what-is-fie,0,1,0%,12
https://www.texasspecialed.com/districts/friendswood-isd/dyslexia-services,0,1,0%,12
https://www.texasspecialed.com/districts/longview-isd/evaluation-child-find,0,1,0%,12
https://www.texasspecialed.com/districts/melissa-isd/dyslexia-services,0,1,0%,12
https://www.texasspecialed.com/districts/san-marcos-cisd/dyslexia-services,0,1,0%,12
https://www.texasspecialed.com/districts/princeton-isd/grievance-dispute-resolution,0,1,0%,13
https://www.texasspecialed.com/districts/spring-branch-isd/dyslexia-services,0,1,0%,13
https://www.texasspecialed.com/districts/forney-isd/partners,0,1,0%,22
https://www.texasspecialed.com/districts/weslaco-isd/dyslexia-services,0,1,0%,25
https://www.texasspecialed.com/districts/belton-isd/partners,0,1,0%,28
https://www.texasspecialed.com/districts/midland-isd/dyslexia-services.html,0,1,0%,36
https://www.texasspecialed.com/districts/crosby-isd/dyslexia-services,0,1,0%,42
https://www.texasspecialed.com/districts/wylie-isd/dyslexia-services.html,0,1,0%,54
https://www.texasspecialed.com/districts/san-marcos-cisd/partners,0,1,0%,56
https://www.texasspecialed.com/districts/brownsville-isd/ard-process-guide,0,1,0%,82