District,Category,Business Name,Website,Phone,AI_Verified_Category,Drafted_Email
Houston ISD,Attorney,Shields Law - Special Needs & Special Education Law,https://shieldsfirm.com/,(832) 852-5509,Attorney,"I noticed Shields Law focuses on special education law in the Houston ISD area. Have you considered advertising on texasspecialed.com? I think it would be a great fit for your firm. For example, a Tier 2 ad placement on our 'Grievance & Discipline' page is $249/month. Parents on this page are often in crisis facing suspension and actively seek legal representation; one retained client typically covers your ad costs for the year."
Houston ISD,Attorney,"Marc Whitehead & Associates Attorney at Law, LLP",https://disabilitydenials.com/houston-tx/disability-lawyer/?utm_source=google&utm_medium=organic&utm_campaign=gbp-listing-houston,(713) 929-2946,Attorney,"I noticed Marc Whitehead & Associates represents clients in disability claims. Have you considered advertising on texasspecialed.com? For just $249/month, a Tier 2 ad on our 'Grievance & Discipline' page would connect you with parents in crisis, often facing school suspension hearings. These parents are actively seeking legal representation, and one retained client typically covers your ad costs for an entire year. Let me know if you're interested in learning more."
Houston ISD,Attorney,"Bowen Law Firm, PLLC",https://www.bowenlf.com/,(713) 255-7321,Irrelevant,
Houston ISD,Attorney,Thompson & Horton LLP,http://www.thompsonhorton.com/,(713) 554-6767,Scrape Failed,
Houston ISD,Attorney,Filis Law Firm,https://www.houstonspecialneedsattorneys.com/,(713) 462-1777,Attorney,"I noticed Filis Law Firm assists families with special needs legal issues in the Houston area. Have you considered advertising on TexasSpecialEd.com? I think it would be a great fit. We have parents on our 'Grievance & Discipline' and 'ARD' pages actively searching for legal representation, often in crisis due to suspensions or other disciplinary actions. A Tier 2 ad placement on those pages is only $249/month, and one retained client typically covers that cost for an entire year."
Houston ISD,Attorney,Advocate Well,https://www.advocate-well.com/,(713) 331-9340,Scrape Failed,
Houston ISD,Advocate,National ARD/IEP Advocates,http://www.narda.org/about-us.html,(281) 265-1506,Advocate,"Are you looking to grow your client base in the Houston ISD area? For just $59/month, you can secure a Tier 1 placement on our 'ARD Meeting Guide' page. Parents reading this page are often terrified of their upcoming ARD meetings and desperately need an advocate to guide them. For less than $2 a day, you can be the solution they're searching for. Let's connect and discuss how we can help you reach more families."
Houston ISD,Tutor,The Center for Assisted Learning,http://www.tutor2success.com/,(713) 686-4555,Scrape Failed,
Houston ISD,Tutor,Dyslexia School of Houston - Training Center and Lab School,https://www.dyslexiahouston.org/,(832) 767-0915,Tutor,"I noticed Dyslexia School of Houston offers therapy, training, and evaluations for students with dyslexia. Have you considered advertising on TexasSpecialEd.com? For just $39/month, a Tier 1 ad placement on our 'Dyslexia Services' page could connect you with parents in the early stages of seeking support. Given that one new student covers the ad cost for 6 months, it's a worthwhile investment. Let me know if you're interested in learning more."
Houston ISD,Tutor,Dyslexia School of Houston,https://dyslexiahouston.org/,(832) 767-0915,Tutor,"I noticed Dyslexia School of Houston offers therapy, training, and evaluations. Have you considered advertising on TexasSpecialEd.com? Our 'Dyslexia Services' page gets lots of traffic from parents in the early stages of seeking support. For just $39/month, a Tier 1 ad placement can connect you with these families. That's less than $1.50 per day, and one new student covers your ad costs for 6 months!"
Houston ISD,Tutor,Lindamood-Bell Houston Learning Center,https://lindamoodbell.com/location/houston-tx-learning-center?utm_term=LC-Global&utm_campaign=2021-12-GooglePlacesProfile&utm_source=Google&utm_medium=Places,(281) 974-1729,Tutor,"I'm reaching out from Texas Special Ed to introduce our advertising options for Lindamood-Bell Houston. We help parents of special needs children find resources in their area. I recommend a Tier 1 or 2 placement on our 'Dyslexia Services' page, where parents often begin their search when they suspect something is amiss. At $39-$89 per month, one new student covers your ad costs for 6 months. Let me know if you're interested, and I can send over details."
Houston ISD,Tutor,Neuhaus Education Center,http://www.neuhaus.org/,(713) 664-7676,Tutor,"I noticed Neuhaus Education Center offers resources for families and adult learners with dyslexia. Have you considered advertising on TexasSpecialEd.com? Our 'Dyslexia Services' page is the perfect place to connect with parents in the early stages of seeking support. For just $39/month, a Tier 1 ad placement can put your services in front of this audience. One new student covers the cost for 6 months."
Houston ISD,Tutor,"Achievement Zone, LLC",https://www.achievement-zone.com/,(469) 816-0920,Advocate,"I'm with Texas Special Ed, and we help parents of students with disabilities find the right resources. I noticed Achievement Zone offers special education advocacy in the Houston area. Have you considered advertising on our 'ARD Meeting Guide' page? For just $59/month (less than $2 a day), you can reach parents who are terrified of their upcoming ARD meeting and need an advocate to sit next to them."
Houston ISD,Tutor,Family Literacy Network,http://www.familyliteracy.net/,(713) 784-7373,Tutor,"I'm reaching out from Texas Special Ed, where we help parents of special needs kids find resources. I noticed Family Literacy Network offers reading support in Houston. Have you considered advertising on our 'Dyslexia Services' page? For just $39/month, you can reach parents actively researching solutions because they suspect ""something is wrong"" with their child. One new student covers your ad costs for 6 months. Let me know if you're interested, and I can send over details."
Houston ISD,Tutor,Diagnostic Learning Services - Houston,https://www.diagnostic-learning.com/,(832) 839-2203,Tutor,"I'm reaching out from Texas Special Ed regarding advertising opportunities on texasspecialed.com. I think parents reading your content would also be interested in our 'Dyslexia Services' page. For just $39/month, you can secure a Tier 1 placement on this high-traffic page. Considering one new student covers the cost for 6 months, this is a no-brainer. Let me know if you're interested, and I can send over a contract."
Houston ISD,Tutor,LearningRx Houston,https://www.learningrx.com/houston-central/,(346) 826-5468,Tutor,"I noticed LearningRx Houston helps students with dyslexia and other learning differences. Have you considered advertising on TexasSpecialEd.com? Many parents visit our 'Dyslexia Services' page in the early stages of recognizing their child's struggles and are actively seeking support. For just $39 per month, a Tier 1 ad placement could connect you with these motivated parents. One new student covers the ad cost for over 6 months!"
Dallas ISD,Attorney,Law Office of Madeline M. McIntosh,https://www.myssdlaw.com/?utm_source=google-local&utm_medium=organic&utm_campaign=2680,(469) 405-3503,Irrelevant,
Dallas ISD,Attorney,"The Law Office of Ruthe Belachew, PLLC",https://www.belachewlaw.com/,(945) 900-2529,Irrelevant,
Dallas ISD,Attorney,Bailey & Galyen Attorneys at Law,https://www.thetexasattorney.com/office-locations/dallas/?utm_source=google&utm_medium=organic&utm_campaign=GBP_Dallas,(972) 449-1241,Attorney,"Good morning, I'm reaching out from Texas Special Ed. I noticed Bailey & Galyen serves families in Dallas. Have you considered advertising on our site? For $249/month, a Tier 2 ad on our 'Grievance & Discipline' page would connect you with parents in crisis, often facing suspension hearings, who are actively seeking legal representation. Just one retained client covers your ad costs for an entire year."
Dallas ISD,Attorney,"Glover Luck, LLP",https://gloverluck.com/,(866) 849-3287,Irrelevant,
Dallas ISD,Attorney,Daspit Law Firm,https://www.daspitlaw.com/?utm_source=GMB&utm_medium=organic&utm_campaign=dallas,(214) 393-4855,Irrelevant,
Dallas ISD,Attorney,Lento Law Firm Student Defense and Title IX Attorneys,https://www.studentdisciplinedefense.com/?utm_source=organic+search&utm_medium=Yext&utm_id=Yext,(469) 923-1692,Scrape Failed,
Dallas ISD,Attorney,Forester Haynie,http://www.foresterhaynie.com/?y_source=1_OTUxMTUwMy03MTUtbG9jYXRpb24ud2Vic2l0ZQ==,(214) 210-2100,Irrelevant,
Dallas ISD,Tutor,Literacy Love,http://www.literacylove.org/,(214) 278-1836,Tutor,"I'm reaching out from Texas Special Ed regarding advertising opportunities on our website, texasspecialed.com. I noticed Literacy Love offers dyslexia therapy and tutoring services in Dallas. Many parents visit our 'Dyslexia Services' page in the early stages of recognizing their child's struggles. For just $39/month, a Tier 1 ad placement can connect you with these parents, and one new student covers the cost for six months. Would you be interested in learning more?"
Dallas ISD,Tutor,I Heart Learning Academy,http://www.iheartlearningacademy.com/,(214) 308-1669,Tutor,"I Heart Learning Academy, I'm reaching out from Texas Special Ed. We help special education businesses like yours connect with parents actively seeking support. I recommend a Tier 1 ad placement on our 'Dyslexia Services' page for $39/month. Parents reading this content are typically in the early stages of recognizing their child's challenges. One new student covers your ad costs for over 6 months."
Dallas ISD,Tutor,Dallas Learning Center - Private School & Tutoring,http://www.dallaslearningcenter.com/,(972) 231-3723,Tutor,"I noticed Dallas Learning Center offers programs for students with learning differences. Have you considered advertising on TexasSpecialEd.com? For just $39/month, a Tier 1 ad on our 'Dyslexia Services' page can connect you with parents actively researching support options. These parents are often in the early stages of recognizing their child's needs. Considering that just one new student covers the ad cost for over 6 months, it's a worthwhile investment to reach this audience."
Dallas ISD,Tutor,Star Tutoring Centers,https://www.startutoringcenters.com/,(214) 444-3431,Tutor,"I'm with TexasSpecialEd.com, a resource website for special education parents in the Dallas area. I noticed Star Tutoring Centers offers tutoring and ADHD support, and I think you'd be a great fit for our 'Dyslexia Services' page. For just $39/month, a Tier 1 ad placement can connect you with parents actively researching support because they suspect ""something is wrong."" Considering that just one new student covers the ad cost for over 6 months, it's a worthwhile investment. Would you be open to learning more?"
Dallas ISD,Tutor,Hope Academy For Dyslexia,http://www.hopefordyslexia.org/,(817) 247-4701,Tutor,"Is your team at Hope Academy for Dyslexia looking for more clients? I'm reaching out from TexasSpecialEd.com, a resource for parents of children with special needs in Texas. We have a 'Dyslexia Services' page where parents in the early stages of research can find local support. For just $39/month, you can secure a Tier 1 placement on this page. That's less than $1.50 per day, and one new student covers your cost for 6 months."
Dallas ISD,Tutor,Hola HP,http://www.holahp.com/,(214) 226-9937,Tutor,"Hi Hola HP, I'm reaching out from TexasSpecialEd.com. We help parents of special needs children find local service providers. I noticed you offer tutoring and therapy services in Dallas. Would you be interested in a Tier 1 or 2 ad placement on our 'Dyslexia Services' page, starting at $39/month? Parents reading this content are often in the early stages of seeking support, and one new student typically covers the ad cost for 6 months."
Dallas ISD,Tutor,Smart and Special Teaching,https://smartandspecialteaching.com/structured-literacy-instruction-and-dyslexia-therapy/,(785) 491-1361,Tutor,"Hi [Name],

I'm reaching out from Texas Special Ed. I noticed Smart and Special Teaching offers dyslexia therapy and multisensory math support in the Dallas ISD area. We help parents find resources like yours. I wanted to share that we have advertising spots available on our 'Dyslexia Services' page, where parents often begin their search when they suspect something is wrong. A Tier 1 placement is only $39/month, and one new student covers that cost for 6 months. Let me know if you're interested, and I can send over more information."
Dallas ISD,Tutor,Altshuler Learning Enhancement Center,http://smu.edu/alec,(214) 768-3648,Tutor,"I'm with TexasSpecialEd.com, and we help parents of special needs kids find resources in their area. I noticed Altshuler Learning Enhancement Center offers tutoring services in the Dallas area. Would you be interested in a Tier 1 ad placement on our 'Dyslexia Services' page for $39/month? Parents reading this page are in the early ""something is wrong"" phase and researching support. One new student covers the cost for 6 months."
Dallas ISD,Tutor,Reading Ranch North Dallas - Reading Tutoring,http://www.readingranch.com/,(214) 449-1406,Tutor,"I noticed Reading Ranch provides reading tutoring in the Dallas area. Have you considered advertising on texasspecialed.com? For just $39/month, you can secure a Tier 1 placement on our 'Dyslexia Services' page. Parents reading this page are often in the early stages of recognizing their child's struggles and seeking support. One new student covers the cost for 6 months. Let me know if you're interested!"
Cypress-Fairbanks ISD,Attorney,"Marc Whitehead & Associates, Attorneys at Law",https://disabilitydenials.com/cypress-tx/disability-lawyer/?utm_source=google&utm_medium=organic&utm_campaign=gbp-listing-cypress,(281) 559-7641,Attorney,"I noticed Marc Whitehead & Associates serves families in the Cypress-Fairbanks ISD. Have you considered advertising on texasspecialed.com? For $249/month, I can place you on the Grievance & Discipline or ARD pages. Parents on these pages are often in crisis, facing suspension or fighting for services, and actively seeking legal representation. Just one retained client typically covers your ad costs for an entire year."
Cypress-Fairbanks ISD,Attorney,"Tyler and Maderer, PLLC",http://www.tylermaderer.com/,(832) 761-7773,Attorney,"Tyler and Maderer, I noticed your firm serves families with special needs trusts. Many of these parents are also dealing with special education disputes and actively search our site when facing a crisis like suspension. Would you be interested in a Tier 2 ad placement for $249/mo on our 'Grievance & Discipline' or 'ARD' pages? One retained client typically covers the ad cost for an entire year. Let me know if you'd like to learn more."
Cypress-Fairbanks ISD,Attorney,"S. Green Legal, PLLC",https://sgreenlegal.com/,(281) 733-2464,Attorney,"I'm reaching out from TexasSpecialEd.com. We help parents of special needs kids find legal support. I recommend a Tier 2 ad placement on our 'Grievance & Discipline' page for $249/month. Parents on this page are often in crisis, facing suspension or expulsion, and urgently seeking legal representation. Just one retained client covers your ad costs for over a year."
Cypress-Fairbanks ISD,Tutor,Cypress Dyslexia Services,https://www.cypressdyslexiaservices.com/?utm_source=google&utm_medium=wix_google_business_profile&utm_campaign=3361531912070610739,(281) 826-1161,Tutor,"I noticed Cypress Dyslexia Services helps students in Cypress-Fairbanks ISD with reading and writing. Many parents visit TexasSpecialEd.com's 'Dyslexia Services' page when they first suspect something is wrong and are researching support options. For just $39/month, you can secure a Tier 1 ad placement on this page, ensuring these parents see your services first. Alternatively, a Tier 2 placement is available for $89/month. Just one new student covers the ad cost for over 6 months, making it a worthwhile investment."
Cypress-Fairbanks ISD,Tutor,Huntington Learning Center Cypress,https://huntingtonhelps.com/locations/cypress-tx?utm_medium=organic&utm_campaign=localmaps,(832) 756-8989,Scrape Failed,
Cypress-Fairbanks ISD,Tutor,The Tutoring Center of Cypress TX,https://www.tutoringcenter.com/center/Cypress2TX,(832) 257-8997,Tutor,"I'm reaching out from Texas Special Ed to introduce our advertising opportunities for The Tutoring Center of Cypress. We get thousands of parents on our 'Dyslexia Services' page who are just realizing their child needs extra support; these parents would be great clients for you. For just $39/month, a Tier 1 ad placement can help you reach them. Considering one new student covers the cost for 6 months, it's a worthwhile investment. Let me know if you're interested in learning more!"
Cypress-Fairbanks ISD,Tutor,Best Brains Learning Center - Cypress,https://bestbrains.com/cypress,(832) 821-0000,Tutor,"I'm with TexasSpecialEd.com, a resource website for special needs parents in the Cypress-Fairbanks ISD area. I noticed Best Brains offers math and English tutoring. Would you be interested in a Tier 1 or 2 placement on our 'Dyslexia Services' page? Parents reading this content are often in the early ""something is wrong"" phase and researching support options. At $39/month, one new student covers your ad costs for 6 months. "
Cypress-Fairbanks ISD,Tutor,Sylvan Learning of Cypress & Houston,https://www.sylvanlearning.com/locations/us/tx/houston-tutoring/cypress-houston?utm_source=google&utm_medium=local&utm_campaign=localmaps&utm_content=8316,(832) 497-5192,Tutor,"I'm with TexasSpecialEd.com, and we help parents of special needs children find resources in their area. I noticed Sylvan Learning offers tutoring services in Cypress & Houston. Have you considered advertising on our 'Dyslexia Services' page? For just $39/month, a Tier 1 ad placement can connect you with parents actively researching support because they suspect ""something is wrong"" with their child. One new student covers the cost for 6 months."
Cypress-Fairbanks ISD,Tutor,Aspire Advancement Center,http://www.aspire-now.com/,(713) 494-3971,Tutor,"I'm reaching out from TexasSpecialEd.com. We help parents of children with learning differences find resources in their area. I noticed Aspire Advancement Center offers tutoring services in Cypress. Would you be interested in a Tier 1 ad placement on our 'Dyslexia Services' page for $39/month? Parents reading this page are often in the early stages of recognizing their child needs support, and one new student covers the ad cost for 6 months."
Cypress-Fairbanks ISD,Tutor,Eye Level Learning Center of Cypress SouthWest,https://www.myeyelevel.com/US/center/cypresssw,(281) 758-8006,Tutor,"Is your learning center looking for new ways to reach parents of students with dyslexia in the Cypress-Fairbanks ISD area? For just $39/month, you can secure a Tier 1 ad placement on our 'Dyslexia Services' page at texasspecialed.com. Parents reading this page are often in the early stages of seeking support, making it the perfect place to connect with potential clients. Just one new student covers the ad cost for over 6 months. Let me know if you're interested or have any questions!"
Northside ISD,Attorney,"Marc Whitehead & Associates, Attorneys at Law LLP",https://disabilitydenials.com/san-antonio-tx/disability-lawyer/?utm_source=google&utm_medium=organic&utm_campaign=gbp-listing-san-antonio,(210) 942-7400,Irrelevant,
Northside ISD,Attorney,Karen Seal Law Office,http://www.kseallaw.com/,(210) 226-8101,Attorney,"I'm reaching out from texasspecialed.com. We help parents of special needs children find trusted resources. I noticed you're in the Northside ISD area. Would you be interested in a Tier 2 ad placement for $249/mo on our 'Grievance & Discipline' or 'ARD' pages? Parents on these pages are often in crisis, such as facing suspension, and actively seeking legal representation. Just one retained client typically covers your ad costs for an entire year."
Northside ISD,Attorney,"Escamilla & Poneck, LLP",https://www.escamillaponeck.com/,(210) 225-0001,Attorney,"I noticed Escamilla & Poneck, LLP has expertise in school law and special education. I'm reaching out from TexasSpecialEd.com, a resource for parents of children with disabilities in Texas. Would you be interested in a Tier 2 ad placement on our 'Grievance & Discipline' or 'ARD' pages for $249/month? Parents on these pages are often in crisis, facing suspension or other disciplinary actions, and are actively seeking legal representation. Just one retained client covers your ad costs for an entire year."
Northside ISD,Attorney,Heard & Smith LLP,http://heardandsmith.com/,(210) 820-3737,Attorney,"Are you looking for more special education clients? I'm reaching out from TexasSpecialEd.com. We help parents of students with disabilities find the right legal support. I recommend a Tier 2 ad placement for $249/month on our 'Grievance & Discipline' page. Parents on this page are often in crisis, facing suspension or expulsion, and actively seeking legal representation. Just one retained client covers your ad costs for the next 12 months."
Northside ISD,Attorney,"Dillard Advocacy and Consulting, LLC",https://dillardadvocacy.net/,(210) 367-5710,Advocate,"Hi [Name],

I'm reaching out from Texas Special Ed. We help parents of special needs children find the right resources in their area. I noticed Dillard Advocacy and Consulting serves families in Northside ISD.

Would you be interested in a Tier 1 or 2 placement on our 'ARD Meeting Guide' page for $59 or $129 per month? Parents reading this are often terrified of an upcoming ARD meeting and need an advocate to sit next to them. At just under $2 a day, it's a great way to connect with new clients."
Northside ISD,Attorney,Law Office of Jill Mitchell-Thein,http://fight4veteransrights.com/,(210) 774-4000,Irrelevant,
Northside ISD,Attorney,The Law Office Of Brent Lee Klender,https://brentklenderlaw.com/?utm_source=google-local&utm_medium=organic&utm_campaign=1370,(210) 734-0918,Attorney,"Good morning, The Law Office Of Brent Lee Klender. I'm reaching out from TexasSpecialEd.com. We help parents of special needs children in the Northside ISD area find trusted legal support. I recommend a Tier 2 ad placement on our Grievance & Discipline page for $249/month. Parents on this page are often in crisis facing suspension and urgently seek legal counsel; one retained client typically covers your ad costs for an entire year."
Northside ISD,Attorney,"Law Office of Dirk Ashbaugh, P.C.",http://www.ashbaughlegal.com/,(210) 822-4200,Irrelevant,
Northside ISD,Attorney,"Weisinger Law Firm, PLLC",https://www.weisingerlawfirm.com/,(210) 985-9224,Irrelevant,
Northside ISD,Advocate,North East Educational Foundation,https://northeastfoundation.org/,(210) 407-0117,Irrelevant,
Northside ISD,Advocate,Special Reach Inc.,http://www.specialreach.com/about-us,(210) 784-7478,Irrelevant,
Northside ISD,Advocate,Northside Education Foundation,https://www.nisd.net/community/nef,(210) 397-8599,Irrelevant,
Northside ISD,Advocate,The Arc of San Antonio,http://arc-sa.org/,(210) 490-4300,Irrelevant,
Northside ISD,Advocate,Northside ISD Family Engagement,https://www.nisd.net/district/whole-child/family-engagement,(210) 397-8930,Irrelevant,
Northside ISD,Tutor,"Fearless Readers - Virtual Reading, Spelling, & Dyslexia Services",http://www.fearless-readers.com/,(210) 577-8883,Tutor,"I'm reaching out from Texas Special Ed.com. We help parents of special needs children find resources in their area. I noticed you offer virtual dyslexia services in the Northside ISD area. Would you be interested in a Tier 1 ad placement on our 'Dyslexia Services' page for $39/month? Parents reading this page are in the early ""something is wrong"" phase researching support, and one new student covers the cost for 6 months."
Northside ISD,Tutor,Learning Foundations- Cognitive & Dyslexia Training Center,http://www.learningfoundations.com/,(210) 495-2626,Tutor,"I'm reaching out from TexasSpecialEd.com. We help parents of special needs children find resources in Texas. I noticed Learning Foundations offers cognitive training, and I think you'd be a great fit for our 'Dyslexia Services' page. For just $39/month, you can get a Tier 1 placement on this page; many parents reading this are in the early ""something is wrong"" phase researching support. One new student covers the cost for 6 months."
Northside ISD,Tutor,LearningRx San Antonio NE,https://www.learningrx.com/sane/,(210) 967-6278,Tutor,"I'm reaching out from TexasSpecialEd.com. We help parents of children with special needs find resources in their area. I noticed LearningRx San Antonio NE offers support for students with dyslexia and other learning differences. Would you be interested in a Tier 1 ad placement on our 'Dyslexia Services' page for $39/month? Parents reading this page are often in the early ""something is wrong"" phase and researching support, and one new student covers the cost for 6 months."
Northside ISD,Tutor,The LD Expert,http://www.ldexpert.org/,(210) 866-5174,Tutor,"Is your team at The LD Expert looking to reach more parents in Northside ISD who are just realizing their child needs extra support? For just $39/month, you can secure a Tier 1 ad placement on the Texas Special Ed 'Dyslexia Services' page. Parents reading this page are in the early stages of seeking help and researching options like yours. Considering that just one new student covers the ad cost for over 6 months, this is a worthwhile investment. Let's connect and discuss how we can help you grow your reach!"
Northside ISD,Tutor,LearningRx San Antonio NW,https://www.learningrx.com/sanw/,(210) 699-6463,Tutor,"Hi LearningRx San Antonio NW, I'm reaching out from Texas Special Ed. Did you know that for just $39/month, you can secure a Tier 1 placement on our 'Dyslexia Services' page? Parents reading this page are often in the early stages of recognizing their child's struggles and actively seeking support. Given that you're in Northside ISD, this could be a great way to connect with local families. One new student covers the cost for 6 months. Let me know if you're interested!"
Northside ISD,Tutor,Finally Fair Learning Solutions,http://finallyfairtutoring.com/,(210) 218-2270,Scrape Failed,
Northside ISD,Tutor,The Dyslexia Solution,https://www.thedyslexiasolution.com/,(210) 843-8161,Tutor,"I noticed The Dyslexia Solution offers dyslexia treatment in the Northside ISD area. Have you considered advertising on TexasSpecialEd.com? For just $39/month, a Tier 1 ad on our 'Dyslexia Services' page could connect you with parents actively researching support options because they suspect ""something is wrong"". Considering that just one new student covers the ad cost for over 6 months, it's a worthwhile investment. Let me know if you're interested in learning more."
Northside ISD,Tutor,Brain Balance of North San Antonio,https://www.brainbalancecenters.com/locations/texas/san-antonio,(210) 253-6395,Tutor,"I'm reaching out from TexasSpecialEd.com. We help parents of special needs children find resources in their area. I noticed Brain Balance of North San Antonio offers programs for kids with learning disorders. Would you be interested in a Tier 1 ad placement on our 'Dyslexia Services' page for $39/month? Parents reading this page are often in the early stages of seeking support, and one new student covers the cost for 6 months."
Katy ISD,Tutor,LearningRx,http://www.learningrx.com/katy,(281) 302-4088,Tutor,"I'm with TexasSpecialEd.com, a resource website for parents of kids with learning differences. I noticed LearningRx has a Katy location and wanted to reach out! Would you be interested in a Tier 1 ad placement on our 'Dyslexia Services' page for $39/month? Parents reading this page are typically in the early ""something is wrong"" phase and researching support options. One new student covers the cost for 6 months."
Katy ISD,Tutor,"The Tutoring Center, Katy TX",http://tutoringcenter.com/center/katytx,(832) 437-0635,Tutor,"I noticed The Tutoring Center in Katy, and wanted to reach out about advertising on texasspecialed.com. For just $39/month, you can secure a Tier 1 placement on our 'Dyslexia Services' page. Parents reading this page are often in the early stages of recognizing their child's struggles and seeking support. Given that just one new student covers your ad costs for over 6 months, this is a great opportunity to connect with potential clients. Let me know if you're interested in learning more!"
Katy ISD,Tutor,Huntington Learning Center Katy,https://huntingtonhelps.com/locations/katy-tx?utm_medium=organic&utm_campaign=localmaps,(281) 392-5833,Scrape Failed,
Katy ISD,Tutor,Counter's Tutoring Connection,http://counterstutoring.com/,(832) 341-6621,Tutor,"I'm with TexasSpecialEd.com, a resource website for parents of kids with special needs in Texas. We help parents find services like tutoring. I noticed Counter's Tutoring Connection offers dyslexia support, and we have a page dedicated to dyslexia services in the Katy area. Would you be interested in a Tier 1 ad placement on this page for $39/month? One new student covers the cost for 6 months."
Katy ISD,Tutor,"The Tutoring Center, Katy/Greentrails",https://katygreentrails.tutoringcenter.com/,(281) 944-9067,Tutor,"Is your center looking for more clients? For just $39/month, The Tutoring Center can be featured on the 'Dyslexia Services' page of TexasSpecialEd.com. Parents reading this page are often in the early stages of recognizing their child's needs and researching support options. Your placement would highlight The Tutoring Center as a local resource. Considering one new student covers the ad cost for over 6 months, this is a worthwhile investment."
Fort Bend ISD,Attorney,"Junker Law, PLLC",http://www.junkerlaw.com/,(281) 342-9476,Attorney,"I noticed Junker Law, PLLC provides special needs planning in the Fort Bend ISD area. Have you considered advertising on texasspecialed.com? For $249/month, a Tier 2 ad on our 'Grievance & Discipline' or 'ARD' page would connect you with parents in crisis, actively seeking legal representation due to disciplinary issues. One retained client typically covers the ad cost for an entire year. Let me know if you're interested in learning more."
Fort Bend ISD,Tutor,LearningRx Sugar Land,https://www.learningrx.com/sugar-land/,(281) 302-4088,Tutor,"I'm reaching out from TexasSpecialEd.com. We help parents of special needs children find resources in their area. I noticed LearningRx Sugar Land provides support for learning differences like dyslexia. Would you be interested in a Tier 1 ad placement on our 'Dyslexia Services' page for $39/month? Parents reading this page are often in the early ""something is wrong"" phase, researching support options. One new student covers the cost for 6 months."
Fort Bend ISD,Tutor,Fort Bend Learning Commons,http://fortbendlearningcommons.org/,(832) 820-2339,Tutor,"Is your learning center looking to reach more parents of students with dyslexia? I'm reaching out from TexasSpecialEd.com, where we help parents of special needs children find the services they need. I think you'd be a great fit for our 'Dyslexia Services' page. For just $39/month, you can get a Tier 1 ad placement; that's less than $1.50 per day, and one new student covers the cost for 6 months!"
Fort Bend ISD,Tutor,Omega Learning Center - Fort Bend,https://fortbend-tx.omegalearning.com/,(832) 210-0786,Tutor,"I'm reaching out from TexasSpecialEd.com. We help parents of special needs children find resources in their area. I noticed Omega Learning Center - Fort Bend offers tutoring services, and I wanted to see if you'd be interested in advertising on our 'Dyslexia Services' page. For just $39/month, a Tier 1 ad placement can help you reach parents in the early stages of seeking support for their child's learning differences. That's less than $1.50 per day, and one new student covers the cost for 6 months."
Fort Bend ISD,Tutor,"The Tutoring Center, Sugar Land",http://www.tutoringcenter.com/center/SugarLandTX,(281) 980-1242,Tutor,"I'm with TexasSpecialEd.com, a resource website for parents of children with special needs in Texas. We help parents find services like tutoring, speech therapy, and legal representation. I noticed The Tutoring Center in Sugar Land offers programs in reading, writing, and math. Would you be interested in a Tier 1 ad placement on our 'Dyslexia Services' page for $39/month? Parents reading this page are often in the early ""something is wrong"" phase and actively researching support. One new student covers the cost for 6 months."
IDEA Public Schools,Attorney,Odediran Law Firm,http://edurightslaw.com/,(512) 886-5069,Irrelevant,
IDEA Public Schools,Attorney,Special Education Advocates,http://www.specialeducationadvocates.org/,(281) 468-3659,Advocate,"Are you looking to grow your client base in the IDEA Public Schools area? For just $59/month, you can secure a Tier 1 placement on our 'ARD Meeting Guide' page. Parents reading this page are often terrified of their upcoming ARD meetings and desperately need an advocate. For less than $2 a day, you can be the solution they're looking for. Let's connect and discuss how we can help you reach more families."
IDEA Public Schools,Attorney,Social Butterfly Educational Advocacy,https://www.socialbutterflyadvocacy.com/,(210) 273-1606,Advocate,I'm reaching out from TexasSpecialEd.com. We help parents of special needs kids find resources in their area. I noticed you're in the IDEA Public Schools area. Would you be interested in a Tier 1 ($59/mo) or Tier 2 ($129/mo) placement on our 'ARD Meeting Guide' page? Parents reading this are terrified of an upcoming meeting and need an advocate to sit next to them. That's less than $2 a day to be there for them.
IDEA Public Schools,Advocate,Lumen Advocacy LLC,https://www.lumenadvocacy.com/,(630) 251-5658,Advocate,"I noticed Lumen Advocacy works with families navigating the special education system in IDEA Public Schools. Have you considered advertising on TexasSpecialEd.com? For just $59/month, a Tier 1 ad placement on our 'ARD Meeting Guide' page can connect you with parents who are overwhelmed and looking for support. That's less than $2 a day to reach parents who desperately need an advocate to sit next to them in their upcoming ARD meeting. One new client easily covers this cost many times over. Let me know if you're interested in learning more."
IDEA Public Schools,Tutor,Dyslexia Therapy Associates of South Texas,http://dyslexiatherapystx.com/,(210) 378-1336,Tutor,"I noticed Dyslexia Therapy Associates of South Texas provides tutoring for students with dyslexia in the IDEA Public Schools area. Did you know texasspecialed.com has a popular 'Dyslexia Services' page where parents go when they first suspect something is wrong? For just $39/month, you can secure a Tier 1 ad placement on this page and connect with these parents. That's less than $1.50 per day, and one new student covers your cost for 6 months! Let me know if you're interested."
IDEA Public Schools,Tutor,Hill Country Dyslexia Services LLC,https://www.hcdyslexia.com/contact,(512) 648-2291,Tutor,"Is your team looking for more clients? For just $39/month, Hill Country Dyslexia Services can be featured on the Texas Special Ed 'Dyslexia Services' page. Parents reading this content are typically in the early research phase, realizing that something is wrong and looking for support. One new student covers the ad cost for 6 months. Let me know if you're interested, and I can send over a contract."
Conroe ISD,Attorney,Alsbrooks Law Firm,https://alsbrookslaw.com/,(936) 202-2882,Irrelevant,
Conroe ISD,Attorney,Casey Loring Lawyer PLLC,http://www.loringlawyer.com/,(936) 441-8860,Scrape Failed,
Conroe ISD,Attorney,"Dossey & Jones, PLLC",https://www.dossey.com/,(281) 410-2792,Irrelevant,
Conroe ISD,Attorney,"The Law Office of Jessica Day, PLLC",http://www.defendinghtx.com/,(281) 627-8152,Irrelevant,
Conroe ISD,Attorney,Napier Law Firm,https://www.thenapierlawfirm.com/conroe/,(713) 999-0128,Irrelevant,
Conroe ISD,Attorney,"Hope & Causey, P.C.",https://www.hope-causey.com/,(936) 441-4673,Irrelevant,
Conroe ISD,Attorney,Raphael Ortega Law PLLC,http://www.rodefense.com/,(832) 402-1111,Irrelevant,
Conroe ISD,Attorney,Law Office of Matlak and Morrison,https://www.mmpmlaw.com/,(936) 225-5043,Irrelevant,
Conroe ISD,Tutor,The Dyslexia Therapy Center,https://www.dyslexia-therapycenter.com/,(936) 703-3136,Tutor,"I noticed The Dyslexia Therapy Center serves families in Conroe ISD. Have you considered advertising on texasspecialed.com? For just $39/month, you can secure a Tier 1 placement on our 'Dyslexia Services' page. Parents reading this page are often in the early stages of recognizing their child's struggles and seeking support. One new student covers the cost for six months, making it a worthwhile investment to connect with potential clients. Let me know if you're interested in learning more!"
Conroe ISD,Tutor,Diagnostic Learning Services - Woodlands,https://www.diagnostic-learning.com/,(832) 839-2203,Tutor,"I noticed Diagnostic Learning Services provides evaluations for learning disabilities in the Conroe ISD area. Have you considered advertising on TexasSpecialEd.com? For just $39/month, you can secure a Tier 1 placement on our 'Dyslexia Services' page. Parents reading this page are typically in the early stages of research, trying to understand their child's struggles. One new client easily covers your ad costs for over 6 months."
Conroe ISD,Tutor,Read Frog Dyslexia & Educational Services,http://www.readfrog.com/,(281) 719-5635,Tutor,"I'm reaching out from Texas Special Ed regarding advertising opportunities on our 'Dyslexia Services' page. Many parents reading this content are in the early stages of recognizing their child's struggles and actively seek support. For just $39/month, a Tier 1 ad placement can connect you with these motivated parents. Considering that just one new student covers the ad cost for over 6 months, this is a great opportunity to grow your client base. Would you be interested in learning more?"
Conroe ISD,Tutor,Sylvan Learning of North Conroe,https://www.sylvanlearning.com/locations/us/tx/conroe-tutoring/conroe?utm_source=google&utm_medium=local&utm_campaign=localmaps&utm_content=8360,(936) 828-5633,Tutor,"I noticed Sylvan Learning of North Conroe offers tutoring services in the Conroe ISD area. Have you considered advertising on TexasSpecialEd.com? Our 'Dyslexia Services' page gets a lot of traffic from parents in the early stages of seeking support, and a Tier 1 ad placement is only $39/month. One new student covers the cost for 6 months. Let me know if you're interested in learning more."
Conroe ISD,Tutor,Ivey Educational Solutions,http://www.iveyedsolutions.com/,(346) 244-3363,Scrape Failed,
Conroe ISD,Tutor,Sylvan Learning of The Woodlands and Magnolia,https://www.sylvanlearning.com/locations/us/tx/magnolia-tutoring/the-woodlands-and-magnolia?utm_source=google&utm_medium=local&utm_campaign=localmaps&utm_content=8310,(281) 305-4284,Tutor,"I'm reaching out from TexasSpecialEd.com. We help parents of special needs children find resources in their area. I noticed Sylvan Learning offers tutoring services in The Woodlands and Magnolia. Would you be interested in a Tier 1 or 2 ad placement on our 'Dyslexia Services' page for $39-$89 per month? Parents reading this page are often in the early stages of understanding their child's needs, and one new student covers the ad cost for 6 months."
Conroe ISD,Tutor,Joy To Learn,https://joytolearntx.com/,(832) 465-4940,Tutor,"Is your tutoring center looking for more clients? For just $39/month, Joy To Learn can be featured on the Texas Special Ed website's 'Dyslexia Services' page. Parents reading this page are often in the early stages of recognizing their child's needs and are actively seeking support. One new student covers your ad costs for over 6 months. Let me know if you're interested, and I can send over a link with traffic data."
Conroe ISD,Tutor,Bianca’s Private Tutoring,https://biancasprivatetutoring.com/?utm_campaign=gmb,(281) 966-5832,Tutor,"Hi Bianca,

I noticed you offer dyslexia services in the Conroe ISD area. Many parents on TexasSpecialEd.com are in the early stages of recognizing their child's struggles and researching support options. Would you be interested in a Tier 1 or 2 ad placement on our 'Dyslexia Services' page for $39-$89 per month? Just one new student covers the ad cost for 6 months. Let me know if you'd like to learn more!"
Austin ISD,Attorney,AZ Law Firm,http://www.azfirm.law/,(512) 400-7070,Irrelevant,
Austin ISD,Attorney,"The Law Office of Nicole Conger, PLLC",https://nicoleconger.com/,(512) 413-4260,Irrelevant,
Austin ISD,Attorney,Tully Rinckey PLLC,https://www.tullylegal.com/locations/austin-tx?utm_source=google&utm_medium=organic&utm_campaign=gbp&utm_term=Austin&utm_content=homepage,(512) 225-2800,Attorney,"I noticed Tully Rinckey PLLC offers special education law services in Austin. Have you considered advertising on TexasSpecialEd.com? I recommend a Tier 2 ad placement for $249/month on our 'Grievance & Discipline' or 'ARD' pages. Parents on these pages are often in crisis, facing suspension or other disciplinary actions, and actively seek legal representation. Just one retained client typically covers the ad cost for an entire year."
Austin ISD,Attorney,"Bemis, Roach & Reed",https://www.brrlaw.com/,(512) 454-4000,Scrape Failed,
Austin ISD,Attorney,The Law Office of Diana E. Buss,http://www.bussted.com/,(844) 287-7833,Scrape Failed,
Austin ISD,Advocate,"PearlTX-Educational Consultants, Diagnostics and Advocacy (ECDA)",https://pearltx-ecda.com/,(737) 235-6010,Advocate,"I noticed PearlTX-ECDA offers advocacy services in Austin. Have you considered advertising on TexasSpecialEd.com? For just $59/month, a Tier 1 ad on our 'ARD Meeting Guide' page can connect you with parents terrified of their upcoming meetings. They need someone to sit next to them, and your services could be the perfect solution. That's less than $2 a day to reach a highly targeted audience actively seeking support. Let me know if you're interested in learning more."
Austin ISD,Advocate,Education Austin,http://educationaustin.org/,(512) 472-1124,Irrelevant,
Austin ISD,Advocate,Austin Partners In Education,http://www.austinpartners.org/,(512) 637-0900,Irrelevant,
Austin ISD,Tutor,Austin Learning Solutions,https://austinlearningsolutions.com/,(512) 609-0745,Tutor,"I'm reaching out from Texas Special Ed to share how we help local businesses connect with parents. I noticed Austin Learning Solutions offers dyslexia services, and we have a dedicated page for that topic. For just $39/month, a Tier 1 ad placement on our 'Dyslexia Services' page can put you in front of parents actively researching support options because they suspect ""something is wrong"". One new student covers your ad costs for 6 months!"
Austin ISD,Tutor,Austin Learning Center,http://www.austinlearningcenter.com/,(512) 330-9007,Tutor,"I'm with Texas Special Ed, and we help parents of kids with learning differences find the right service providers in their area. I noticed Austin Learning Center offers tutoring and reading intervention services. Have you considered advertising on our 'Dyslexia Services' page? For just $39/month, a Tier 1 ad placement would allow you to reach parents in the early stages of seeking support. That's less than $2 per day, and one new student covers the cost for 6 months."
Austin ISD,Tutor,Diagnostic Learning Services - Austin,https://www.diagnostic-learning.com/,(512) 633-0990,Tutor,"I'm reaching out from Texas Special Ed regarding advertising opportunities on our popular 'Dyslexia Services' page. For just $39/month, you can secure a Tier 1 placement and connect with parents actively seeking dyslexia support for their children. These parents are often in the early stages of recognizing a learning challenge and researching solutions. Considering that just one new student covers your ad cost for over 6 months, this is a great opportunity. Would you be open to learning more?"
Austin ISD,Tutor,Lindamood-Bell Austin Learning Center,https://lindamoodbell.com/location/austin-tx-learning-center?utm_term=LC-Global&utm_campaign=2021-12-GooglePlacesProfile&utm_source=Google&utm_medium=Places,(512) 306-8181,Tutor,"Is your team looking for new ways to reach parents of struggling readers in Austin ISD? For just $39/month, you can secure a Tier 1 ad placement on our 'Dyslexia Services' page at texasspecialed.com. Parents reading this page are often in the early stages of recognizing that ""something is wrong"" and are actively researching support options. One new student from this placement covers your ad cost for over 6 months. Let me know if you're interested, and I can send over a link to get started."
Austin ISD,Tutor,Hearts and Minds Learning Center,https://heartsandmindslearningcenter.com/,(737) 351-2505,Tutor,"I'm with TexasSpecialEd.com, and we help parents of special needs kids find resources in their area. I noticed Hearts and Minds Learning Center offers tutoring services in Austin. Would you be interested in a Tier 1 ad placement on our 'Dyslexia Services' page for $39/month? Parents reading this page are often in the early stages of recognizing their child's struggles and researching support options. One new student covers the cost for 6 months."
Austin ISD,Tutor,Texas Center for Learning Disabilities,http://texasldcenter.org/,(512) 232-2320,Tutor,"I'm reaching out from TexasSpecialEd.com. We help parents of children with learning differences find the support they need. I noticed you're the Texas Center for Learning Disabilities in the Austin ISD area. Would you be interested in a Tier 1 ($39/mo) or Tier 2 ($89/mo) placement on our 'Dyslexia Services' page? Parents reading this content are often in the early ""something is wrong"" phase, actively researching support options. Just one new student covers the ad cost for 6 months."
Austin ISD,Tutor,Rawson Saunders School,http://www.rawsonsaunders.org/,(512) 476-8382,Tutor,"I'm reaching out from Texas Special Ed to see if you'd be interested in advertising on our popular 'Dyslexia Services' page. For just $39/month, a Tier 1 ad placement can connect you with parents actively researching support options because they suspect ""something is wrong"". Given Rawson Saunders' focus on dyslexia education, this is a great fit. One new student covers the ad cost for over 6 months. Let me know if you're interested!"
Austin ISD,Tutor,Rawson Saunders Institute,https://www.rawsonsaunders.org/institute,(512) 350-2844,Tutor,"I noticed Rawson Saunders Institute offers tutoring and evaluations for students with dyslexia. Have you considered advertising on TexasSpecialEd.com? For just $39/month, you can secure a Tier 1 placement on our 'Dyslexia Services' page. Parents reading this page are often in the early stages of recognizing their child's struggles and researching support options. One new student covers the ad cost for over 6 months. "
Fort Worth ISD,Attorney,"Kelly Decker Law, PLLC",http://www.kellydeckerlaw.com/,(817) 348-9060,Irrelevant,
Fort Worth ISD,Attorney,McGee Law Firm,https://mcgeelawdfw.com/,(817) 899-3286,Scrape Failed,
Fort Worth ISD,Attorney,McDonald Law Firm,https://mcdonaldlawfirm.com/,(817) 717-5081,Irrelevant,
Fort Worth ISD,Attorney,Dale O'Neal Attorneys,http://www.lawyeroneal.com/,(817) 877-5995,Irrelevant,
Fort Worth ISD,Attorney,"Law Offices of Robert Keating, PLLC",https://www.dfw.law/?utm_source=google-local&utm_medium=organic&utm_campaign=3049,(888) 490-6808,Irrelevant,
Fort Worth ISD,Attorney,Cantey Hanger LLP,http://www.canteyhanger.com/,(817) 877-2800,Attorney,"Good morning, I'm reaching out from Texas Special Ed Solutions. We help special education law firms like Cantey Hanger get in front of parents in crisis. For example, we offer Tier 2 ad placement on our 'Grievance & Discipline' page for $249/month. Parents on this page are often facing suspension or expulsion and urgently need legal representation. Just one retained client covers your ad costs for an entire year."
Fort Worth ISD,Attorney,"Hutchison & Foreman, PLLC",https://www.fightsforright.com/?utm_source=google&utm_medium=Fort_Worth_gmb&utm_campaign=gmb_website_button,(817) 336-5533,Irrelevant,
Fort Worth ISD,Advocate,The Center for Educational Diagnostics & Assessment,https://www.cedatesting.com/about-us,(979) 218-1068,Tutor,"I noticed The Center for Educational Diagnostics & Assessment offers educational evaluations for ADHD and dyslexia. Did you know texasspecialed.com has a popular 'Dyslexia Services' page where parents start when they suspect something is wrong? For just $39/month, a Tier 1 ad placement can connect you with these motivated parents. That's less than $1.50 per day, and one new student covers the cost for 6 months. Let me know if you're interested in learning more."
Fort Worth ISD,Tutor,The Reading Center of Fort Worth,http://thereadingcenterfortworth.com/,(817) 681-2911,Tutor,"Is your team looking for more clients? For just $39/month, The Reading Center of Fort Worth can be featured on the Texas Special Ed website's 'Dyslexia Services' page. Parents reading this page are often in the early stages of seeking support for their child's reading difficulties. A Tier 1 ad placement would highlight your services right when parents realize something is wrong. One new student covers the ad cost for over 6 months. Let me know if you're interested, and I can send over a demo."
Fort Worth ISD,Tutor,Reading Connection,http://reading-connection.com/,(817) 924-2000,Tutor,"I'm reaching out from TexasSpecialEd.com. We help parents of special needs children find resources in their area. I noticed The Reading Connection offers reading and math therapy, including support for dyslexia. Would you be interested in a Tier 1 ad placement on our 'Dyslexia Services' page for $39/month? Many parents reading this page are in the early stages of seeking support, and one new student covers the cost for 6 months."
Fort Worth ISD,Tutor,Diagnostic Learning Services - Fort Worth,https://www.diagnostic-learning.com/,(972) 612-5615,Tutor,"I'm reaching out from Texas Special Ed regarding advertising opportunities on our website. We help parents of special needs children find resources in Texas. I think you'd be a great fit for our 'Dyslexia Services' page. For just $39/month, you can have a Tier 1 ad placement that will connect you with parents in Fort Worth ISD who are actively seeking dyslexia support. Considering one new student covers the cost for 6 months, this is a no-brainer."
Fort Worth ISD,Tutor,The Learning Center of North Texas,https://www.link-ed.org/,(817) 336-0808,Tutor,"I noticed The Learning Center of North Texas provides diagnostic testing and support for students with learning differences. Have you considered advertising on TexasSpecialEd.com? We get thousands of parents each month researching 'what's wrong' and looking for dyslexia services. For just $39/month, a Tier 1 ad on our Dyslexia Services page can connect you with these parents. One new student covers the cost for 6 months!"
Fort Worth ISD,Tutor,Sylvan Learning of North Fort Worth,https://sylvanlearning.com/locations/us/tx/fort-worth-tutoring/north-fort-worth?utm_source=google&utm_medium=local&utm_campaign=localmaps&utm_content=352,(817) 380-4133,Tutor,"I'm reaching out from TexasSpecialEd.com. We help parents of children with special needs find resources in their area. I noticed Sylvan Learning of North Fort Worth offers tutoring services, and I think you'd be a great fit for our 'Dyslexia Services' page. For just $39/month, you can secure a Tier 1 placement on this page; many parents reading this content are in the early ""something is wrong"" phase and actively researching support. One new student covers the cost for 6 months."
Fort Worth ISD,Tutor,Sylvan Learning of South Fort Worth,https://sylvanlearning.com/locations/us/tx/fort-worth-tutoring/south-fort-worth?utm_source=google&utm_medium=local&utm_campaign=localmaps&utm_content=341,(682) 499-3301,Tutor,"Is your Sylvan Learning center looking to increase its reach to parents of children with dyslexia in the Fort Worth ISD area? For just $39/month, you can secure a Tier 1 ad placement on the 'Dyslexia Services' page of texasspecialed.com. Parents reading this page are often in the early stages of recognizing their child's struggles and actively seeking support. One new student covers the cost of this placement for over 6 months. Let's connect and discuss how we can help you reach more families."
Fort Worth ISD,Tutor,Texas Dyslexia Services,https://www.texasdyslexia.com/,(817) 989-0783,Scrape Failed,
Fort Worth ISD,Tutor,Kids First Dyslexia Services,http://kidsfirstdyslexia.com/,(817) 989-6305,Tutor,"I noticed Kids First Dyslexia Services helps students in the Fort Worth ISD area. Have you considered advertising on TexasSpecialEd.com? For just $39/month, you can secure a Tier 1 placement on our 'Dyslexia Services' page. Parents reading this page are typically in the early stages of recognizing their child's struggles and are actively seeking support. One new student covers the cost for 6 months. "
Fort Worth ISD,Tutor,LinkED,http://www.link-ed.org/,(817) 336-0808,Tutor,"Is LinkED looking for more clients in Fort Worth? For just $39/month, you can secure a Tier 1 placement on the 'Dyslexia Services' page of TexasSpecialEd.com. Parents reading this page are in the early ""something is wrong"" phase and actively researching support options like diagnostic testing. One new student from our site covers your ad cost for 6 months. Let me know if you're interested, and I can send over a contract."
Fort Worth ISD,Tutor,ProLearning,http://www.prolearningservices.com/,(682) 561-5876,Tutor,"I noticed ProLearning offers dyslexia therapy and reading intervention in Arlington. Have you considered advertising on TexasSpecialEd.com? Many parents in the Fort Worth ISD area visit our 'Dyslexia Services' page in the early stages of seeking support because they suspect something is amiss with their child. For just $39/month, a Tier 1 ad placement can connect you with these parents. One new student covers the cost for six months. "
Frisco ISD,Attorney,The Ramage Law Group,https://www.ramagefamilylawfirm.com/texas/locations/mckinney?utm_source=google&utm_medium=organic&utm_campaign=gbp,(972) 737-4995,Scrape Failed,
Frisco ISD,Attorney,"D.A.D. Law Firm, P.C.",https://dadattorney.com/,(469) 971-3903,Irrelevant,
Frisco ISD,Attorney,"Law Office of Adriane S. Grace, PLLC",https://www.gracelawoffice.com/,N/A,Irrelevant,
Frisco ISD,Attorney,Hanshaw Kennedy Hafen,https://hanshawkennedy.com/,(972) 731-6500,Irrelevant,
Frisco ISD,Attorney,McCathern,https://mccathernlaw.com/,(214) 741-2662,Irrelevant,
Frisco ISD,Attorney,"Hogue Barnett, PLLC",https://hoguebarnett.com/,(214) 618-3160,Irrelevant,
Frisco ISD,Attorney,Barbieri Law Firm,https://www.barbierilawfirm.com/?utm_source=google&utm_medium=Frisco_gmb&utm_campaign=gmb_website_button,(972) 787-0187,Scrape Failed,
Frisco ISD,Tutor,True Education Frisco,https://www.trueeducation.com/,(214) 833-9886,Tutor,"I noticed your SAT tutoring services and wanted to reach out with a partnership opportunity. Many parents on TexasSpecialEd.com are in the early stages of recognizing their child needs support and are researching dyslexia services. For just $39/month, your business can be featured on our 'Dyslexia Services' page, a resource for parents in Frisco ISD. One new student covers the cost of this placement for over 6 months, offering a great ROI."
Frisco ISD,Tutor,Dyscoveread Dyslexia Services,https://www.dyscoveread.com/home.html?utm_source=Google&utm_medium=Organic&utm_campaign=GBP,(469) 223-4687,Tutor,"I'm reaching out from TexasSpecialEd.com. We help parents of special needs children find the services they need. I noticed Dyscoveread Dyslexia Services offers tutoring in the Frisco ISD area. Have you considered advertising on our 'Dyslexia Services' page? For just $39/month, a Tier 1 ad placement can help you connect with parents in the early stages of seeking support, and one new student covers the cost for 6 months."
Frisco ISD,Tutor,The Tutoring Center Frisco Tx,https://www.tutoringcenter.com/center/FriscoTX,(469) 731-1004,Tutor,"Is your team looking for new ways to reach Frisco-area parents of students with dyslexia or other reading challenges? For just $39/month, your tutoring center can be featured on our popular 'Dyslexia Services' page. Parents in this stage are often just realizing that ""something is wrong"" and are actively researching support options. Considering that just one new student covers the ad cost for over 6 months, this is a no-brainer. Let me know if you're interested, and I can get you set up today."
Frisco ISD,Tutor,Moving Minds Learning Solutions,https://movingmindslearning.com/,(214) 448-5472,Tutor,"Moving Minds, have you considered advertising on TexasSpecialEd.com? We help parents of special needs children find the services they need. I recommend a Tier 1 ad on our 'Dyslexia Services' page for $39/month. Parents reading this content are in the early ""something is wrong"" phase and actively researching support options. One new student covers the ad cost for 6 months."
Frisco ISD,Tutor,Huntington Learning Center Frisco,https://huntingtonhelps.com/locations/frisco-tx?utm_medium=organic&utm_campaign=localmaps,(214) 666-5160,Scrape Failed,
Frisco ISD,Tutor,Eye Level Learning Center - Frisco Central,http://myeyelevel.com/US/center/friscocentral,(469) 653-0184,Tutor,"I'm reaching out from TexasSpecialEd.com. We help parents of special needs children find resources in Texas. I noticed you're a learning center in Frisco, and I wanted to see if you'd be interested in advertising on our 'Dyslexia Services' page. For just $39/month, a Tier 1 ad placement can help you reach parents in the early stages of seeking support. One new student covers the cost for 6 months."
Frisco ISD,Tutor,Sylvan Learning of Frisco & McKinney,https://sylvanlearning.com/locations/us/tx/frisco-tutoring/frisco-mckinney?utm_source=google&utm_medium=local&utm_campaign=localmaps&utm_content=395,(469) 353-6609,Tutor,"I noticed Sylvan Learning of Frisco & McKinney offers comprehensive tutoring services. Have you considered advertising on TexasSpecialEd.com? For just $39/month, you can secure a Tier 1 placement on our 'Dyslexia Services' page. Parents reading this page are typically in the early stages of identifying learning challenges and looking for support. One new student easily covers your ad costs for over half a year. Let me know if you're interested!"
Aldine ISD,Attorney,"Makris, Dulevitz & Cooper Disability Attorneys",https://socialsecuritydisabilitylawyershouston.com/,(713) 266-9700,Attorney,"I noticed Makris, Dulevitz & Cooper Disability Attorneys serve families in the Aldine ISD area. I'm reaching out from TexasSpecialEd.com. Have you considered advertising on our site? For just $249/month, you can secure a Tier 2 placement on our 'Grievance & Discipline' or 'ARD' pages. Parents on these pages are often in crisis, facing suspension or other disciplinary actions, and actively seeking legal representation. Just one retained client covers your ad costs for an entire year."
Aldine ISD,Attorney,Makris Law Firm Houston Disability Lawyers,https://www.houstonsocialsecuritydisabilityattorney.com/,(888) 228-5663,Irrelevant,
Aldine ISD,Tutor,Multisensory Tutorial Center,http://multisensorytutorial.com/,(832) 359-7360,Tutor,"I noticed Multisensory Tutorial Center offers dyslexia services in the Aldine ISD area. Have you considered advertising on TexasSpecialEd.com? For just $39/month, you can secure a Tier 1 placement on our 'Dyslexia Services' page. Parents reading this page are often in the early stages of recognizing their child's struggles and actively seeking support. One new student covers your ad costs for over 6 months. Let me know if you're interested, and I can send over a contract."
Aldine ISD,Tutor,Worlow Tutoring,http://www.facebook.com/vwtutoring/,(361) 550-0891,Tutor,"Is your tutoring center looking for more clients? For just $39/month, your business can be featured on the Texas Special Ed website's 'Dyslexia Services' page. Parents reading this page are often in the early stages of recognizing their child's needs and actively seeking support. Think of it this way: one new student covers your ad costs for over 6 months. Let me know if you're interested, and I can send over a contract."
North East ISD,Attorney,The Law Offices of George Escobedo,https://www.georgeescobedo.com/?utm_source=GMB&utm_medium=organic&utm_campaign=SanAntonio,(210) 999-0230,Irrelevant,
North East ISD,Attorney,"Morales Padia Law, P.L.L.C.",http://moralespadialaw.com/,(726) 204-4044,Attorney,"I'm reaching out from TexasSpecialEd.com. We help parents of special needs children find legal representation. I recommend a Tier 2 ad placement for $249/mo on our Grievance & Discipline or ARD pages. Parents on these pages are often in crisis, facing suspension or other disciplinary actions, and actively seek legal help. Just one retained client covers your ad costs for an entire year."
North East ISD,Attorney,"The Law Office of Nathaniel Gilbert, PLLC",https://longilbert.com/?utm_source=google&utm_medium=organic&utm_campaign=gmb_listing,(726) 999-0087,Irrelevant,
North East ISD,Attorney,"Herrman & Herrman, P.L.L.C.",https://www.herrmanandherrman.com/,(210) 405-7039,Irrelevant,
North East ISD,Attorney,"PIETRAZEK LAW, PLLC",http://pzklawyer.com/,(210) 951-9795,Irrelevant,
North East ISD,Attorney,Boortz Law Texas,https://www.boortzlawtexas.com/,(210) 960-1275,Attorney,"I noticed Boortz Law serves families in the North East ISD area. Have you considered advertising on TexasSpecialEd.com? For just $249/month, a Tier 2 ad on our 'Grievance & Discipline' or 'ARD' page would position you in front of parents in crisis, actively seeking legal representation due to suspension or other disciplinary issues. One retained client typically covers your ad costs for an entire year. Would you be open to a quick call to discuss this further?"
North East ISD,Attorney,"The Law Offices of Shann M. Chaudhry, ESQ",http://www.smcesq.com/?utm_campaign=gmb,(210) 761-5063,Irrelevant,
North East ISD,Tutor,Sylvan Learning of East San Antonio,https://sylvanlearning.com/locations/us/tx/san-antonio-tutoring/east-san-antonio?utm_source=google&utm_medium=local&utm_campaign=localmaps&utm_content=363,(210) 384-2363,Tutor,"I'm reaching out from TexasSpecialEd.com. We help parents of children with special needs find resources in their area. I noticed Sylvan Learning of East San Antonio offers tutoring services, and I think you'd be a great fit for our 'Dyslexia Services' page. For just $39/month, you can have a Tier 1 ad placement on this page, where parents in the early stages of seeking support will see you; that's less than the cost of a single tutoring session!"
Arlington ISD,Attorney,The Law Office of Jonathan A. Heeps,http://www.heepslaw.com/,(682) 738-6415,Irrelevant,
Arlington ISD,Attorney,Law Firm of Victoriano Rodriguez,https://victorianorodriguezlawfirm.com/,(469) 581-9700,Irrelevant,
Arlington ISD,Attorney,Wes Dauphinot Law Firm,http://www.dauphinotlawfirm.com/,(817) 462-0676,Irrelevant,
Arlington ISD,Attorney,"Reyes & Reyes Law Firm, PLLC",https://reyesandreyes.com/locations/dallas-texas,(214) 319-6800,Irrelevant,
Arlington ISD,Attorney,Allen Roger D,http://rogerdallen.com/,(817) 265-9446,Scrape Failed,
Arlington ISD,Attorney,Law Office of Leigh Ann Schenk,http://schenklaw.com/,(817) 860-9998,Irrelevant,
Arlington ISD,Advocate,AISD Special Education Department,https://www.aisd.net/district/departments/academic-services/specialized-learning-services/special-education/,(682) 867-0800,Irrelevant,
Arlington ISD,Tutor,Kids Read Here Reading Center,https://kidsreadhere.com/,(682) 706-8499,Tutor,"Is your team looking for new ways to reach parents of struggling readers in the Arlington ISD area? TexasSpecialEd.com has a 'Dyslexia Services' page that gets a lot of traffic from parents in the early stages of research, when they first suspect ""something is wrong"". For just $39/month, you can secure a Tier 1 ad placement on this page. One new student covers the cost for 6 months! Let me know if you're interested and I can send over a media kit."
Arlington ISD,Tutor,Sylvan Learning of Arlington & Mansfield,https://sylvanlearning.com/locations/us/tx/arlington-tutoring/arlington-mansfield?utm_source=google&utm_medium=local&utm_campaign=localmaps&utm_content=399,(817) 533-7757,Scrape Failed,
Arlington ISD,Tutor,Brighter Life Solutions,http://www.brighter-life.org/,(817) 455-9977,Tutor,"I'm with TexasSpecialEd.com, a site helping parents of special needs kids in the Arlington ISD area. I noticed Brighter Life Solutions offers tutoring services, and I think you'd benefit from advertising on our 'Dyslexia Services' page. Parents reading this content are typically in the early stages of recognizing their child's struggles and actively seeking support. For just $39/month, a Tier 1 placement can connect you with these motivated parents. Considering one new student covers the cost for 6 months, it's a worthwhile investment."
Arlington ISD,Tutor,Huntington Learning Center Mansfield,https://huntingtonhelps.com/locations/mansfield-tx?utm_medium=organic&utm_campaign=localmaps,(817) 539-0332,Scrape Failed,
Klein ISD,Tutor,Sylvan Learning of West Spring and Klein,https://sylvanlearning.com/locations/us/tx/spring-tutoring/west-spring-and-klein?utm_source=google&utm_medium=local&utm_campaign=localmaps&utm_content=310,(281) 975-0992,Tutor,"Is your team looking for new ways to reach parents of students with learning differences? For just $39/month, Sylvan Learning of West Spring and Klein can be featured on the 'Dyslexia Services' page of TexasSpecialEd.com. Parents reading this page are often in the early stages of recognizing their child's needs and researching available support. One new student easily covers the ad cost for over 6 months. Let me know if you're interested in learning more!"
Klein ISD,Tutor,"The Tutoring Center - Tomball, TX",http://tomballtx.tutoringcenter.com/,(281) 255-0530,Tutor,"I noticed The Tutoring Center in Tomball provides reading and writing support. Did you know TexasSpecialEd.com has a 'Dyslexia Services' page where parents in Klein ISD go when they first suspect something is wrong and begin researching support options? For just $39/month, a Tier 1 ad placement on this page can connect you with these families. Considering one new student covers the cost for 6 months, this is a worthwhile investment. Would you be open to learning more?"
Garland ISD,Attorney,The Willis Law Group P.L.L.C.,https://www.thewillislawgroup.com/,(214) 736-9433,Irrelevant,
Garland ISD,Attorney,"Cao & Associates, P.C.",http://caoatlaw.com/,(214) 703-0903,Irrelevant,
Garland ISD,Attorney,"EDWARD SALDAÑA, Attorney",https://saunderswalsh.com/team-member/edward-saldana/,(214) 919-3555,Scrape Failed,
Garland ISD,Attorney,The Beltz Law Firm,http://beltzlaw.com/,(214) 321-4105,Irrelevant,
Garland ISD,Tutor,Dyslexia Learning Solutions,http://dyslexialearningsolutions.com/,(469) 888-3451,Tutor,"Is your practice looking for more clients? I'm reaching out from TexasSpecialEd.com, a resource website for parents of children with special needs. We get thousands of monthly visitors to our ""Dyslexia Services"" page, where parents are often in the early stages of researching support. For just $39/month, you can secure a Tier 1 ad placement on this page. One new student covers the cost for 6 months!"
Garland ISD,Tutor,The Tutoring Center Garland,http://www.garland.tutoringcenter.com/,(972) 200-7877,Tutor,"Is your team looking for new students? I'm reaching out from TexasSpecialEd.com. We help parents of special needs children find local service providers. I recommend a Tier 1 or 2 ad placement on our 'Dyslexia Services' page for $39-$89 per month. Parents reading this content are often in the early ""something is wrong"" phase and actively researching support; one new student covers the ad cost for 6 months."
Garland ISD,Tutor,Diagnostic Learning Services - Plano,https://diagnostic-learning.com/,(972) 612-5615,Tutor,"I'm reaching out from TexasSpecialEd.com. We help connect parents to service providers in their area. I noticed that Diagnostic Learning Services - Plano offers learning disability evaluations, and thought you might be interested in advertising on our 'Dyslexia Services' page for only $39/month. Parents reading this page are often in the early ""something is wrong"" phase and actively researching support options. One new student covers the cost for 6 months. Let me know if you're interested, and I can send over more information."
Garland ISD,Tutor,Gideon Math and Reading - Garland,https://gideonmathandreading.com/garland/,(214) 771-8879,Tutor,"I'm reaching out from TexasSpecialEd.com. We help parents of special needs children find resources in their area. I noticed Gideon Math and Reading - Garland may be a good fit for our 'Dyslexia Services' page. For just $39/month, you can have a Tier 1 ad placement. Many parents reading this page are in the early ""something is wrong"" phase and researching support; one new student covers the cost for 6 months."
Garland ISD,Tutor,Sylvan Learning of Rowlett,https://www.sylvanlearning.com/locations/us/tx/rowlett-tutoring/rowlett?utm_source=google&utm_medium=local&utm_campaign=localmaps&utm_content=8337,(469) 863-8697,Tutor,"I noticed Sylvan Learning of Rowlett provides tutoring services, and I wanted to reach out about advertising on texasspecialed.com. Our 'Dyslexia Services' page is a great place to connect with parents in Garland ISD who are just beginning to explore support options for their children. For just $39/month, you can secure a Tier 1 ad placement on this page. Considering that just one new student covers the ad cost for over 6 months, this is a very worthwhile investment. Let me know if you're interested in learning more!"
El Paso ISD,Attorney,"Blanco Ordoñez Mata & Wechsler, P.C.",https://www.bomwlaw.com/,(915) 845-5800,Attorney,"I'm with TexasSpecialEd.com, and we help parents of special needs kids find legal support. I noticed your firm, Blanco Ordoñez Mata & Wechsler, P.C., serves the El Paso area. Would you be interested in a Tier 2 ad placement for $249/month on our Grievance & Discipline page? Parents on this page are often in crisis, facing suspension or expulsion, and actively seeking legal representation. Just one retained client typically covers the ad cost for an entire year."
El Paso ISD,Attorney,Law Rhinos,http://lawrhinos.net/,(915) 800-0691,Irrelevant,
El Paso ISD,Attorney,"Spencer Trial Attorneys, P.C.",https://www.spencertrialattorneys.com/,(915) 532-5562,Irrelevant,
El Paso ISD,Attorney,Anderson Bright & Associates PC,http://www.andersoncroutattorneys.com/,(915) 595-1380,Scrape Failed,
El Paso ISD,Attorney,"Mounce, Green, Myers, Safi, Paxson & Galatzan",http://www.mgmsg.com/,(915) 532-2000,Attorney,"I noticed Mounce, Green, Myers, Safi, Paxson & Galatzan is located in El Paso ISD. Have you considered advertising on texasspecialed.com? We have parents in crisis on our 'Grievance & Discipline' and 'ARD' pages actively seeking legal representation. A Tier 2 ad placement on those pages is only $249/month. One retained client typically covers the cost of advertising for an entire year."
El Paso ISD,Attorney,Lopez Molinar & Hirsh PLLC,http://www.lopezsaroldi.com/,(915) 838-3900,Attorney,"I noticed Lopez Molinar & Hirsh PLLC serves families in El Paso ISD. We help special education attorneys get in front of parents in crisis. For just $249/month, you can secure a Tier 2 ad placement on our 'Grievance & Discipline' or 'ARD' pages. Parents on these pages are often facing suspension or serious ARD disagreements and urgently need legal representation. Just one retained client covers your ad costs for an entire year."
El Paso ISD,Attorney,"Law Offices of Ruben Ortiz, PLLC",https://www.rubenortizlaw.com/,(915) 545-1616,Irrelevant,
El Paso ISD,Advocate,EPISD SPECIAL EDUCATION HEALTH SERVICES CENTER,https://www.episd.org/site/default.aspx?PageType=3&DomainID=4&ModuleInstanceID=101&ViewID=6446EE88-D30C-497E-9316-3F8874B3E108&RenderLoc=0&FlexDataID=30144&PageID=1,(915) 230-2500,Irrelevant,
El Paso ISD,Advocate,Children’s Disabilities Information Coalition,http://cdicelpaso.org/,(915) 217-2747,Advocate,"I noticed Children’s Disabilities Information Coalition provides resources and support to parents of children with disabilities in the El Paso ISD area. Many of these parents are likely terrified of upcoming ARD meetings and need an advocate to sit next to them. For just $59/month (less than $2 a day), you can secure a Tier 1 placement on our 'ARD Meeting Guide' page. This ensures parents find you when they need you most. Let's discuss how we can help you reach more families."
El Paso ISD,Advocate,Advocacy Center For Children,http://www.advocacycenterep.org/,(915) 545-5400,Irrelevant,
El Paso ISD,Tutor,Sylvan Learning of El Paso Eastside,https://sylvanlearning.com/locations/us/tx/el-paso-tutoring/el-paso-eastside?utm_source=google&utm_medium=local&utm_campaign=localmaps&utm_content=348,(915) 503-2647,Tutor,"I noticed Sylvan Learning of El Paso Eastside offers tutoring services in El Paso ISD. Have you considered advertising on TexasSpecialEd.com? For just $39/month, you can secure a Tier 1 placement on our 'Dyslexia Services' page. Parents reading this page are in the early ""something is wrong"" phase and actively researching support options. Just one new student covers the ad cost for over 6 months. Let me know if you're interested!"
El Paso ISD,Tutor,Sylvan Learning of El Paso Westside,https://sylvanlearning.com/locations/us/tx/el-paso-tutoring/el-paso-westside?utm_source=google&utm_medium=local&utm_campaign=localmaps&utm_content=344,(915) 505-7706,Scrape Failed,
El Paso ISD,Tutor,Okó Learning Center LLC,http://www.okolearningcenter.com/,(915) 224-0358,Tutor,"I noticed Okó Learning Center's El Paso location and your focus on individualized instruction. Have you considered advertising on TexasSpecialEd.com? For just $39/month, a Tier 1 ad on our 'Dyslexia Services' page could connect you with parents actively seeking support in the early stages of identifying their child's needs. Considering one new student covers the ad cost for six months, it's a worthwhile investment. Would you be interested in learning more about this opportunity?"
El Paso ISD,Tutor,Dynamis Learning Center,https://dynamislearningcenter.org/,(915) 255-3032,Irrelevant,
El Paso ISD,Tutor,Ysleta Community Learning Center,https://www.yisd.net/o/communityadultlc,(915) 434-9400,Irrelevant,
El Paso ISD,Tutor,Bridges Academy,http://www.bridgesacademy.org/,(915) 532-6647,Tutor,"I'm reaching out from TexasSpecialEd.com. We help parents of special needs children find the services they need. I noticed Bridges Academy specializes in serving students with dyslexia, ADHD, and autism. Would you be interested in a Tier 1 or 2 placement on our 'Dyslexia Services' page for $39-$89/month? Parents reading this page are often in the early ""something is wrong"" phase and researching support. Just one new student covers the cost for 6 months."
El Paso ISD,Tutor,San Jacinto Adult Learning Center,https://www.episd.org/sanjacinto,(915) 230-3200,Irrelevant,
Lewisville ISD,Attorney,The Law Offices of Eric G. Ransleben,http://theeducationlawyer.com/,(817) 491-8687,Attorney,"I'm reaching out from Texas Special Ed regarding advertising opportunities on texasspecialed.com. I noticed The Law Offices of Eric G. Ransleben serves families in the Lewisville ISD area. Would you be interested in a Tier 2 ad placement for $249/month on our 'Grievance & Discipline' or 'ARD' pages? Parents on these pages are often in crisis, such as facing suspension, and actively seek legal representation. Just one retained client covers your ad costs for an entire year."
Lewisville ISD,Attorney,"Chermol & Fishman, LLC - Texas Office",https://myphiladelphiadisabilitylawyer.com/texas/,(888) 774-7243,Irrelevant,
Lewisville ISD,Attorney,"The Jimenez Law Firm, P.C.",https://www.thejimenezlawfirm.com/locations/jimenez-law-firm-lewisville-tx/,(214) 513-0125,Irrelevant,
Lewisville ISD,Attorney,David S. Kohm & Associates,https://www.attorneykohm.com/personal-injury-attorney-lewisville/,(972) 354-4605,Irrelevant,
Lewisville ISD,Attorney,Gehi & Associates - Free Consultation,https://gehilaw.com/gehilawtexas/,(469) 694-1804,Scrape Failed,
Lewisville ISD,Tutor,Texas Center for Educational Testing-TxCet LLC,http://www.txcet.com/,(940) 209-0010,Tutor,"I'm reaching out from TexasSpecialEd.com to see if you'd be interested in advertising your services on our 'Dyslexia Services' page. For just $39/month, a Tier 1 ad placement can help you connect with parents actively researching support because they suspect ""something is wrong"". Considering that one new student typically covers the ad cost for six months, this could be a great investment. Would you be open to learning more about how we can help you reach more families in need?"
Lewisville ISD,Tutor,Reading Ranch Lewisville,https://www.readingranch.com/,(214) 449-1406,Tutor,"I'm reaching out from TexasSpecialEd.com. We help parents of special needs children find resources in their area. I noticed Reading Ranch Lewisville focuses on reading and writing tutoring. Would you be interested in a Tier 1 ad placement on our 'Dyslexia Services' page for $39/month? Parents reading this page are often in the early stages of recognizing their child needs support, and one new student covers your ad cost for 6 months."
Lewisville ISD,Tutor,Lewisville ISD Learning Center,http://lisd.net/llc,(469) 713-5185,Irrelevant,
Lewisville ISD,Tutor,Reading Ranch Frisco - Reading Tutoring,http://www.readingranch.com/,(214) 449-1406,Tutor,"Is your team at Reading Ranch Frisco looking for new ways to reach parents of struggling readers? For just $39/month, you can secure a Tier 1 ad placement on the 'Dyslexia Services' page of TexasSpecialEd.com. Parents reading this page are often in the early stages of recognizing their child's reading challenges and seeking support. Considering that just one new student covers your ad cost for over 6 months, this is a worthwhile investment. Let me know if you're interested, and I can send over a contract."
Plano ISD,Attorney,Weeks Law Firm,https://weekslawfirm.com/?utm_source=Google&utm_medium=Local&utm_campaign=GMB,(214) 269-4290,Scrape Failed,
Plano ISD,Attorney,Lizardo Law Firm,https://lizardolaw.com/,(469) 447-9955,Irrelevant,
Plano ISD,Attorney,Brad Thomas Disability PLLC,https://bradthomasdisability.com/,(972) 863-2367,Irrelevant,
Plano ISD,Attorney,DLL-Law Group,https://www.dll-law.com/,(214) 393-1212,Irrelevant,
Plano ISD,Attorney,Wilder Law Firm,https://wilderfirm.com/,(214) 949-4687,Irrelevant,
Plano ISD,Attorney,Dunham & Jones,https://www.dunhamlaw.com/tx/plano-criminal-attorneys/,(214) 888-8888,Irrelevant,
Plano ISD,Tutor,The Tutoring Center,http://plano.tutoringcenter.com/,(469) 277-8177,Tutor,"Is your team looking for new students? I'm with TexasSpecialEd.com, a resource website for special needs parents in the Plano ISD area. I noticed The Tutoring Center is located in Plano. Many parents on our 'Dyslexia Services' page are in the early stages of research, trying to understand if their child needs extra support. For just $39/month, you can secure a Tier 1 ad placement on this page. One new student covers the cost for 6 months. Let me know if you're interested, and I can send over a contract."
Plano ISD,Tutor,Reading Ranch Plano - Reading Tutoring,http://readingranch.com/,(214) 449-1406,Tutor,"Is your team looking for new ways to reach parents of struggling readers? For just $89/month, you can secure a Tier 2 ad placement on the 'Dyslexia Services' page of texasspecialed.com. Parents reading this page are often in the early stages of recognizing their child's difficulties and are actively seeking support. One new student from our site covers your ad costs for six months. Let me know if you're interested."
Plano ISD,Tutor,Eye Level Learning Center Plano Central,https://www.myeyelevel.com/US/center/planocentral,(972) 398-6284,Tutor,"I'm with TexasSpecialEd.com, and we help parents of special needs students find resources in their area. I noticed Eye Level Learning Center offers math and reading tutoring in Plano. Have you considered advertising on our 'Dyslexia Services' page? For just $39/month, a Tier 1 ad placement can connect you with parents in the early stages of seeking support. One new student covers the cost for 6 months."
Pasadena ISD,Attorney,Ghuneim Law Firm,https://www.ghuneimlaw.com/,(281) 487-8929,Irrelevant,
Pasadena ISD,Attorney,Law Office Of Daniel Corno,http://www.cornofamilylaw.com/contact.html,(832) 767-2922,Attorney,"Good morning, Law Office Of Daniel Corno. My name is Matt, and I'm with TexasSpecialEd.com. I noticed you're in the Pasadena ISD area. We're offering Tier 2 ad placements for $249/month on our 'Grievance & Discipline' and 'ARD' pages. Parents on these pages are often in crisis, facing suspension or other disciplinary actions, and actively seek legal representation. Just one retained client covers your ad costs for an entire year."
Pasadena ISD,Attorney,"Glover, Shari L - (Giddens & Burns Building)",https://www.familylawofpasadena.com/,(713) 947-0001,Scrape Failed,
Pasadena ISD,Attorney,Shane Pellerin Law Firm,https://pellerinlawfirm.com/,(281) 479-7499,Irrelevant,
Pasadena ISD,Attorney,Law Office of Hollie Hale,http://halelawoffices.com/,(281) 991-4253,Irrelevant,
Pasadena ISD,Attorney,"Schechter, Shaffer & Harris, LLP",https://www.smslegal.com/pasadena-injury/?utm_source=GBP&utm_medium=GBP&utm_campaign=GBP_Pasadena&utm_id=GBP_Pasadena,(832) 345-1327,Irrelevant,
Pasadena ISD,Tutor,Bay Area Learning Center,http://www.bayarealearningcenter.com/about_us.html,(281) 218-7650,Tutor,"I'm with TexasSpecialEd.com, a website helping parents of special needs kids. I noticed Bay Area Learning Center offers tutoring services in the Pasadena ISD area. Would you be interested in a Tier 1 ad placement on our 'Dyslexia Services' page for $39/month? Parents reading this content are in the early stages of seeking support, and one new student covers the cost for six months. Let me know if you'd like to learn more."
Pasadena ISD,Tutor,Irlen Clinic Krist Samaritan Center,http://www.yaxley-irlen.com/,(832) 720-3071,Tutor,"I'm with TexasSpecialEd.com, a site connecting Texas parents to special education resources. I noticed Irlen Clinic Krist Samaritan Center helps students with visual-perceptual disorders, and I think you'd be a great fit for our 'Dyslexia Services' page. For just $39/month, you can get a Tier 1 ad placement on this page. Parents reading this page are often in the early stages of seeking support, and one new student covers your ad cost for 6 months."
Pasadena ISD,Tutor,"The Tutoring Center, Friendswood TX",https://www.tutoringcenter.com/center/friendswoodtx,(832) 786-8556,Tutor,"I'm reaching out from TexasSpecialEd.com. We help parents of special needs children find resources in their area. I noticed The Tutoring Center in Friendswood offers reading and writing support, and I think you'd be a great fit for our 'Dyslexia Services' page. For just $39/month, you can secure a Tier 1 placement. Considering one new student covers the cost for 6 months, it's a worthwhile investment to connect with parents in the early stages of seeking support."
