District,Category,Business Name,Website,Phone
Houston ISD,Attorney,Shields Law - Special Needs & Special Education Law,https://shieldsfirm.com/,(832) 852-5509
Houston ISD,Attorney,"Marc Whitehead & Associates Attorney at Law, LLP",https://disabilitydenials.com/houston-tx/disability-lawyer/?utm_source=google&utm_medium=organic&utm_campaign=gbp-listing-houston,(713) 929-2946
Houston ISD,Attorney,"Bowen Law Firm, PLLC",https://www.bowenlf.com/,(713) 255-7321
Houston ISD,Attorney,Thompson & Horton LLP,http://www.thompsonhorton.com/,(713) 554-6767
Houston ISD,Attorney,Filis Law Firm,https://www.houstonspecialneedsattorneys.com/,(713) 462-1777
Houston ISD,Attorney,Advocate Well,https://www.advocate-well.com/,(713) 331-9340
Houston ISD,Advocate,National ARD/IEP Advocates,http://www.narda.org/about-us.html,(281) 265-1506
Houston ISD,Tutor,The Center for Assisted Learning,http://www.tutor2success.com/,(713) 686-4555
Houston ISD,Tutor,Dyslexia School of Houston - Training Center and Lab School,https://www.dyslexiahouston.org/,(832) 767-0915
Houston ISD,Tutor,Dyslexia School of Houston,https://dyslexiahouston.org/,(832) 767-0915
Houston ISD,Tutor,Lindamood-Bell Houston Learning Center,https://lindamoodbell.com/location/houston-tx-learning-center?utm_term=LC-Global&utm_campaign=2021-12-GooglePlacesProfile&utm_source=Google&utm_medium=Places,(281) 974-1729
Houston ISD,Tutor,Neuhaus Education Center,http://www.neuhaus.org/,(713) 664-7676
Houston ISD,Tutor,"Achievement Zone, LLC",https://www.achievement-zone.com/,(469) 816-0920
Houston ISD,Tutor,Family Literacy Network,http://www.familyliteracy.net/,(713) 784-7373
Houston ISD,Tutor,Diagnostic Learning Services - Houston,https://www.diagnostic-learning.com/,(832) 839-2203
Houston ISD,Tutor,LearningRx Houston,https://www.learningrx.com/houston-central/,(346) 826-5468
Dallas ISD,Attorney,Law Office of Madeline M. McIntosh,https://www.myssdlaw.com/?utm_source=google-local&utm_medium=organic&utm_campaign=2680,(469) 405-3503
Dallas ISD,Attorney,"The Law Office of Ruthe Belachew, PLLC",https://www.belachewlaw.com/,(945) 900-2529
Dallas ISD,Attorney,Bailey & Galyen Attorneys at Law,https://www.thetexasattorney.com/office-locations/dallas/?utm_source=google&utm_medium=organic&utm_campaign=GBP_Dallas,(972) 449-1241
Dallas ISD,Attorney,"Glover Luck, LLP",https://gloverluck.com/,(866) 849-3287
Dallas ISD,Attorney,Daspit Law Firm,https://www.daspitlaw.com/?utm_source=GMB&utm_medium=organic&utm_campaign=dallas,(214) 393-4855
Dallas ISD,Attorney,Lento Law Firm Student Defense and Title IX Attorneys,https://www.studentdisciplinedefense.com/?utm_source=organic+search&utm_medium=Yext&utm_id=Yext,(469) 923-1692
Dallas ISD,Attorney,Forester Haynie,http://www.foresterhaynie.com/?y_source=1_OTUxMTUwMy03MTUtbG9jYXRpb24ud2Vic2l0ZQ==,(214) 210-2100
Dallas ISD,Tutor,Literacy Love,http://www.literacylove.org/,(214) 278-1836
Dallas ISD,Tutor,I Heart Learning Academy,http://www.iheartlearningacademy.com/,(214) 308-1669
Dallas ISD,Tutor,Dallas Learning Center - Private School & Tutoring,http://www.dallaslearningcenter.com/,(972) 231-3723
Dallas ISD,Tutor,Star Tutoring Centers,https://www.startutoringcenters.com/,(214) 444-3431
Dallas ISD,Tutor,Hope Academy For Dyslexia,http://www.hopefordyslexia.org/,(817) 247-4701
Dallas ISD,Tutor,Hola HP,http://www.holahp.com/,(214) 226-9937
Dallas ISD,Tutor,Smart and Special Teaching,https://smartandspecialteaching.com/structured-literacy-instruction-and-dyslexia-therapy/,(785) 491-1361
Dallas ISD,Tutor,Altshuler Learning Enhancement Center,http://smu.edu/alec,(214) 768-3648
Dallas ISD,Tutor,Reading Ranch North Dallas - Reading Tutoring,http://www.readingranch.com/,(214) 449-1406
Cypress-Fairbanks ISD,Attorney,"Marc Whitehead & Associates, Attorneys at Law",https://disabilitydenials.com/cypress-tx/disability-lawyer/?utm_source=google&utm_medium=organic&utm_campaign=gbp-listing-cypress,(281) 559-7641
Cypress-Fairbanks ISD,Attorney,"Tyler and Maderer, PLLC",http://www.tylermaderer.com/,(832) 761-7773
Cypress-Fairbanks ISD,Attorney,"S. Green Legal, PLLC",https://sgreenlegal.com/,(281) 733-2464
Cypress-Fairbanks ISD,Tutor,Cypress Dyslexia Services,https://www.cypressdyslexiaservices.com/?utm_source=google&utm_medium=wix_google_business_profile&utm_campaign=3361531912070610739,(281) 826-1161
Cypress-Fairbanks ISD,Tutor,Huntington Learning Center Cypress,https://huntingtonhelps.com/locations/cypress-tx?utm_medium=organic&utm_campaign=localmaps,(832) 756-8989
Cypress-Fairbanks ISD,Tutor,The Tutoring Center of Cypress TX,https://www.tutoringcenter.com/center/Cypress2TX,(832) 257-8997
Cypress-Fairbanks ISD,Tutor,Best Brains Learning Center - Cypress,https://bestbrains.com/cypress,(832) 821-0000
Cypress-Fairbanks ISD,Tutor,Sylvan Learning of Cypress & Houston,https://www.sylvanlearning.com/locations/us/tx/houston-tutoring/cypress-houston?utm_source=google&utm_medium=local&utm_campaign=localmaps&utm_content=8316,(832) 497-5192
Cypress-Fairbanks ISD,Tutor,Aspire Advancement Center,http://www.aspire-now.com/,(713) 494-3971
Cypress-Fairbanks ISD,Tutor,Eye Level Learning Center of Cypress SouthWest,https://www.myeyelevel.com/US/center/cypresssw,(281) 758-8006
Northside ISD,Attorney,"Marc Whitehead & Associates, Attorneys at Law LLP",https://disabilitydenials.com/san-antonio-tx/disability-lawyer/?utm_source=google&utm_medium=organic&utm_campaign=gbp-listing-san-antonio,(210) 942-7400
Northside ISD,Attorney,Karen Seal Law Office,http://www.kseallaw.com/,(210) 226-8101
Northside ISD,Attorney,"Escamilla & Poneck, LLP",https://www.escamillaponeck.com/,(210) 225-0001
Northside ISD,Attorney,Heard & Smith LLP,http://heardandsmith.com/,(210) 820-3737
Northside ISD,Attorney,"Dillard Advocacy and Consulting, LLC",https://dillardadvocacy.net/,(210) 367-5710
Northside ISD,Attorney,Law Office of Jill Mitchell-Thein,http://fight4veteransrights.com/,(210) 774-4000
Northside ISD,Attorney,The Law Office Of Brent Lee Klender,https://brentklenderlaw.com/?utm_source=google-local&utm_medium=organic&utm_campaign=1370,(210) 734-0918
Northside ISD,Attorney,"Law Office of Dirk Ashbaugh, P.C.",http://www.ashbaughlegal.com/,(210) 822-4200
Northside ISD,Attorney,"Weisinger Law Firm, PLLC",https://www.weisingerlawfirm.com/,(210) 985-9224
Northside ISD,Advocate,North East Educational Foundation,https://northeastfoundation.org/,(210) 407-0117
Northside ISD,Advocate,Special Reach Inc.,http://www.specialreach.com/about-us,(210) 784-7478
Northside ISD,Advocate,Northside Education Foundation,https://www.nisd.net/community/nef,(210) 397-8599
Northside ISD,Advocate,The Arc of San Antonio,http://arc-sa.org/,(210) 490-4300
Northside ISD,Advocate,Northside ISD Family Engagement,https://www.nisd.net/district/whole-child/family-engagement,(210) 397-8930
Northside ISD,Tutor,"Fearless Readers - Virtual Reading, Spelling, & Dyslexia Services",http://www.fearless-readers.com/,(210) 577-8883
Northside ISD,Tutor,Learning Foundations- Cognitive & Dyslexia Training Center,http://www.learningfoundations.com/,(210) 495-2626
Northside ISD,Tutor,LearningRx San Antonio NE,https://www.learningrx.com/sane/,(210) 967-6278
Northside ISD,Tutor,The LD Expert,http://www.ldexpert.org/,(210) 866-5174
Northside ISD,Tutor,LearningRx San Antonio NW,https://www.learningrx.com/sanw/,(210) 699-6463
Northside ISD,Tutor,Finally Fair Learning Solutions,http://finallyfairtutoring.com/,(210) 218-2270
Northside ISD,Tutor,The Dyslexia Solution,https://www.thedyslexiasolution.com/,(210) 843-8161
Northside ISD,Tutor,Brain Balance of North San Antonio,https://www.brainbalancecenters.com/locations/texas/san-antonio,(210) 253-6395
Katy ISD,Tutor,LearningRx,http://www.learningrx.com/katy,(281) 302-4088
Katy ISD,Tutor,"The Tutoring Center, Katy TX",http://tutoringcenter.com/center/katytx,(832) 437-0635
Katy ISD,Tutor,Huntington Learning Center Katy,https://huntingtonhelps.com/locations/katy-tx?utm_medium=organic&utm_campaign=localmaps,(281) 392-5833
Katy ISD,Tutor,Counter's Tutoring Connection,http://counterstutoring.com/,(832) 341-6621
Katy ISD,Tutor,"The Tutoring Center, Katy/Greentrails",https://katygreentrails.tutoringcenter.com/,(281) 944-9067
Fort Bend ISD,Attorney,"Junker Law, PLLC",http://www.junkerlaw.com/,(281) 342-9476
Fort Bend ISD,Tutor,LearningRx Sugar Land,https://www.learningrx.com/sugar-land/,(281) 302-4088
Fort Bend ISD,Tutor,Fort Bend Learning Commons,http://fortbendlearningcommons.org/,(832) 820-2339
Fort Bend ISD,Tutor,Omega Learning Center - Fort Bend,https://fortbend-tx.omegalearning.com/,(832) 210-0786
Fort Bend ISD,Tutor,"The Tutoring Center, Sugar Land",http://www.tutoringcenter.com/center/SugarLandTX,(281) 980-1242
IDEA Public Schools,Attorney,Odediran Law Firm,http://edurightslaw.com/,(512) 886-5069
IDEA Public Schools,Attorney,Special Education Advocates,http://www.specialeducationadvocates.org/,(281) 468-3659
IDEA Public Schools,Attorney,Social Butterfly Educational Advocacy,https://www.socialbutterflyadvocacy.com/,(210) 273-1606
IDEA Public Schools,Advocate,Lumen Advocacy LLC,https://www.lumenadvocacy.com/,(630) 251-5658
IDEA Public Schools,Tutor,Dyslexia Therapy Associates of South Texas,http://dyslexiatherapystx.com/,(210) 378-1336
IDEA Public Schools,Tutor,Hill Country Dyslexia Services LLC,https://www.hcdyslexia.com/contact,(512) 648-2291
Conroe ISD,Attorney,Alsbrooks Law Firm,https://alsbrookslaw.com/,(936) 202-2882
Conroe ISD,Attorney,Casey Loring Lawyer PLLC,http://www.loringlawyer.com/,(936) 441-8860
Conroe ISD,Attorney,"Dossey & Jones, PLLC",https://www.dossey.com/,(281) 410-2792
Conroe ISD,Attorney,"The Law Office of Jessica Day, PLLC",http://www.defendinghtx.com/,(281) 627-8152
Conroe ISD,Attorney,Napier Law Firm,https://www.thenapierlawfirm.com/conroe/,(713) 999-0128
Conroe ISD,Attorney,"Hope & Causey, P.C.",https://www.hope-causey.com/,(936) 441-4673
Conroe ISD,Attorney,Raphael Ortega Law PLLC,http://www.rodefense.com/,(832) 402-1111
Conroe ISD,Attorney,Law Office of Matlak and Morrison,https://www.mmpmlaw.com/,(936) 225-5043
Conroe ISD,Tutor,The Dyslexia Therapy Center,https://www.dyslexia-therapycenter.com/,(936) 703-3136
Conroe ISD,Tutor,Diagnostic Learning Services - Woodlands,https://www.diagnostic-learning.com/,(832) 839-2203
Conroe ISD,Tutor,Read Frog Dyslexia & Educational Services,http://www.readfrog.com/,(281) 719-5635
Conroe ISD,Tutor,Sylvan Learning of North Conroe,https://www.sylvanlearning.com/locations/us/tx/conroe-tutoring/conroe?utm_source=google&utm_medium=local&utm_campaign=localmaps&utm_content=8360,(936) 828-5633
Conroe ISD,Tutor,Ivey Educational Solutions,http://www.iveyedsolutions.com/,(346) 244-3363
Conroe ISD,Tutor,Sylvan Learning of The Woodlands and Magnolia,https://www.sylvanlearning.com/locations/us/tx/magnolia-tutoring/the-woodlands-and-magnolia?utm_source=google&utm_medium=local&utm_campaign=localmaps&utm_content=8310,(281) 305-4284
Conroe ISD,Tutor,Joy To Learn,https://joytolearntx.com/,(832) 465-4940
Conroe ISD,Tutor,Bianca’s Private Tutoring,https://biancasprivatetutoring.com/?utm_campaign=gmb,(281) 966-5832
Austin ISD,Attorney,AZ Law Firm,http://www.azfirm.law/,(512) 400-7070
Austin ISD,Attorney,"The Law Office of Nicole Conger, PLLC",https://nicoleconger.com/,(512) 413-4260
Austin ISD,Attorney,Tully Rinckey PLLC,https://www.tullylegal.com/locations/austin-tx?utm_source=google&utm_medium=organic&utm_campaign=gbp&utm_term=Austin&utm_content=homepage,(512) 225-2800
Austin ISD,Attorney,"Bemis, Roach & Reed",https://www.brrlaw.com/,(512) 454-4000
Austin ISD,Attorney,The Law Office of Diana E. Buss,http://www.bussted.com/,(844) 287-7833
Austin ISD,Advocate,"PearlTX-Educational Consultants, Diagnostics and Advocacy (ECDA)",https://pearltx-ecda.com/,(737) 235-6010
Austin ISD,Advocate,Education Austin,http://educationaustin.org/,(512) 472-1124
Austin ISD,Advocate,Austin Partners In Education,http://www.austinpartners.org/,(512) 637-0900
Austin ISD,Tutor,Austin Learning Solutions,https://austinlearningsolutions.com/,(512) 609-0745
Austin ISD,Tutor,Austin Learning Center,http://www.austinlearningcenter.com/,(512) 330-9007
Austin ISD,Tutor,Diagnostic Learning Services - Austin,https://www.diagnostic-learning.com/,(512) 633-0990
Austin ISD,Tutor,Lindamood-Bell Austin Learning Center,https://lindamoodbell.com/location/austin-tx-learning-center?utm_term=LC-Global&utm_campaign=2021-12-GooglePlacesProfile&utm_source=Google&utm_medium=Places,(512) 306-8181
Austin ISD,Tutor,Hearts and Minds Learning Center,https://heartsandmindslearningcenter.com/,(737) 351-2505
Austin ISD,Tutor,Texas Center for Learning Disabilities,http://texasldcenter.org/,(512) 232-2320
Austin ISD,Tutor,Rawson Saunders School,http://www.rawsonsaunders.org/,(512) 476-8382
Austin ISD,Tutor,Rawson Saunders Institute,https://www.rawsonsaunders.org/institute,(512) 350-2844
Fort Worth ISD,Attorney,"Kelly Decker Law, PLLC",http://www.kellydeckerlaw.com/,(817) 348-9060
Fort Worth ISD,Attorney,McGee Law Firm,https://mcgeelawdfw.com/,(817) 899-3286
Fort Worth ISD,Attorney,McDonald Law Firm,https://mcdonaldlawfirm.com/,(817) 717-5081
Fort Worth ISD,Attorney,Dale O'Neal Attorneys,http://www.lawyeroneal.com/,(817) 877-5995
Fort Worth ISD,Attorney,"Law Offices of Robert Keating, PLLC",https://www.dfw.law/?utm_source=google-local&utm_medium=organic&utm_campaign=3049,(888) 490-6808
Fort Worth ISD,Attorney,Cantey Hanger LLP,http://www.canteyhanger.com/,(817) 877-2800
Fort Worth ISD,Attorney,"Hutchison & Foreman, PLLC",https://www.fightsforright.com/?utm_source=google&utm_medium=Fort_Worth_gmb&utm_campaign=gmb_website_button,(817) 336-5533
Fort Worth ISD,Advocate,The Center for Educational Diagnostics & Assessment,https://www.cedatesting.com/about-us,(979) 218-1068
Fort Worth ISD,Tutor,The Reading Center of Fort Worth,http://thereadingcenterfortworth.com/,(817) 681-2911
Fort Worth ISD,Tutor,Reading Connection,http://reading-connection.com/,(817) 924-2000
Fort Worth ISD,Tutor,Diagnostic Learning Services - Fort Worth,https://www.diagnostic-learning.com/,(972) 612-5615
Fort Worth ISD,Tutor,The Learning Center of North Texas,https://www.link-ed.org/,(817) 336-0808
Fort Worth ISD,Tutor,Sylvan Learning of North Fort Worth,https://sylvanlearning.com/locations/us/tx/fort-worth-tutoring/north-fort-worth?utm_source=google&utm_medium=local&utm_campaign=localmaps&utm_content=352,(817) 380-4133
Fort Worth ISD,Tutor,Sylvan Learning of South Fort Worth,https://sylvanlearning.com/locations/us/tx/fort-worth-tutoring/south-fort-worth?utm_source=google&utm_medium=local&utm_campaign=localmaps&utm_content=341,(682) 499-3301
Fort Worth ISD,Tutor,Texas Dyslexia Services,https://www.texasdyslexia.com/,(817) 989-0783
Fort Worth ISD,Tutor,Kids First Dyslexia Services,http://kidsfirstdyslexia.com/,(817) 989-6305
Fort Worth ISD,Tutor,LinkED,http://www.link-ed.org/,(817) 336-0808
Fort Worth ISD,Tutor,ProLearning,http://www.prolearningservices.com/,(682) 561-5876
Frisco ISD,Attorney,The Ramage Law Group,https://www.ramagefamilylawfirm.com/texas/locations/mckinney?utm_source=google&utm_medium=organic&utm_campaign=gbp,(972) 737-4995
Frisco ISD,Attorney,"D.A.D. Law Firm, P.C.",https://dadattorney.com/,(469) 971-3903
Frisco ISD,Attorney,"Law Office of Adriane S. Grace, PLLC",https://www.gracelawoffice.com/,N/A
Frisco ISD,Attorney,Hanshaw Kennedy Hafen,https://hanshawkennedy.com/,(972) 731-6500
Frisco ISD,Attorney,McCathern,https://mccathernlaw.com/,(214) 741-2662
Frisco ISD,Attorney,"Hogue Barnett, PLLC",https://hoguebarnett.com/,(214) 618-3160
Frisco ISD,Attorney,Barbieri Law Firm,https://www.barbierilawfirm.com/?utm_source=google&utm_medium=Frisco_gmb&utm_campaign=gmb_website_button,(972) 787-0187
Frisco ISD,Tutor,True Education Frisco,https://www.trueeducation.com/,(214) 833-9886
Frisco ISD,Tutor,Dyscoveread Dyslexia Services,https://www.dyscoveread.com/home.html?utm_source=Google&utm_medium=Organic&utm_campaign=GBP,(469) 223-4687
Frisco ISD,Tutor,The Tutoring Center Frisco Tx,https://www.tutoringcenter.com/center/FriscoTX,(469) 731-1004
Frisco ISD,Tutor,Moving Minds Learning Solutions,https://movingmindslearning.com/,(214) 448-5472
Frisco ISD,Tutor,Huntington Learning Center Frisco,https://huntingtonhelps.com/locations/frisco-tx?utm_medium=organic&utm_campaign=localmaps,(214) 666-5160
Frisco ISD,Tutor,Eye Level Learning Center - Frisco Central,http://myeyelevel.com/US/center/friscocentral,(469) 653-0184
Frisco ISD,Tutor,Sylvan Learning of Frisco & McKinney,https://sylvanlearning.com/locations/us/tx/frisco-tutoring/frisco-mckinney?utm_source=google&utm_medium=local&utm_campaign=localmaps&utm_content=395,(469) 353-6609
Aldine ISD,Attorney,"Makris, Dulevitz & Cooper Disability Attorneys",https://socialsecuritydisabilitylawyershouston.com/,(713) 266-9700
Aldine ISD,Attorney,Makris Law Firm Houston Disability Lawyers,https://www.houstonsocialsecuritydisabilityattorney.com/,(888) 228-5663
Aldine ISD,Tutor,Multisensory Tutorial Center,http://multisensorytutorial.com/,(832) 359-7360
Aldine ISD,Tutor,Worlow Tutoring,http://www.facebook.com/vwtutoring/,(361) 550-0891
North East ISD,Attorney,The Law Offices of George Escobedo,https://www.georgeescobedo.com/?utm_source=GMB&utm_medium=organic&utm_campaign=SanAntonio,(210) 999-0230
North East ISD,Attorney,"Morales Padia Law, P.L.L.C.",http://moralespadialaw.com/,(726) 204-4044
North East ISD,Attorney,"The Law Office of Nathaniel Gilbert, PLLC",https://longilbert.com/?utm_source=google&utm_medium=organic&utm_campaign=gmb_listing,(726) 999-0087
North East ISD,Attorney,"Herrman & Herrman, P.L.L.C.",https://www.herrmanandherrman.com/,(210) 405-7039
North East ISD,Attorney,"PIETRAZEK LAW, PLLC",http://pzklawyer.com/,(210) 951-9795
North East ISD,Attorney,Boortz Law Texas,https://www.boortzlawtexas.com/,(210) 960-1275
North East ISD,Attorney,"The Law Offices of Shann M. Chaudhry, ESQ",http://www.smcesq.com/?utm_campaign=gmb,(210) 761-5063
North East ISD,Tutor,Sylvan Learning of East San Antonio,https://sylvanlearning.com/locations/us/tx/san-antonio-tutoring/east-san-antonio?utm_source=google&utm_medium=local&utm_campaign=localmaps&utm_content=363,(210) 384-2363
Arlington ISD,Attorney,The Law Office of Jonathan A. Heeps,http://www.heepslaw.com/,(682) 738-6415
Arlington ISD,Attorney,Law Firm of Victoriano Rodriguez,https://victorianorodriguezlawfirm.com/,(469) 581-9700
Arlington ISD,Attorney,Wes Dauphinot Law Firm,http://www.dauphinotlawfirm.com/,(817) 462-0676
Arlington ISD,Attorney,"Reyes & Reyes Law Firm, PLLC",https://reyesandreyes.com/locations/dallas-texas,(214) 319-6800
Arlington ISD,Attorney,Allen Roger D,http://rogerdallen.com/,(817) 265-9446
Arlington ISD,Attorney,Law Office of Leigh Ann Schenk,http://schenklaw.com/,(817) 860-9998
Arlington ISD,Advocate,AISD Special Education Department,https://www.aisd.net/district/departments/academic-services/specialized-learning-services/special-education/,(682) 867-0800
Arlington ISD,Tutor,Kids Read Here Reading Center,https://kidsreadhere.com/,(682) 706-8499
Arlington ISD,Tutor,Sylvan Learning of Arlington & Mansfield,https://sylvanlearning.com/locations/us/tx/arlington-tutoring/arlington-mansfield?utm_source=google&utm_medium=local&utm_campaign=localmaps&utm_content=399,(817) 533-7757
Arlington ISD,Tutor,Brighter Life Solutions,http://www.brighter-life.org/,(817) 455-9977
Arlington ISD,Tutor,Huntington Learning Center Mansfield,https://huntingtonhelps.com/locations/mansfield-tx?utm_medium=organic&utm_campaign=localmaps,(817) 539-0332
Klein ISD,Tutor,Sylvan Learning of West Spring and Klein,https://sylvanlearning.com/locations/us/tx/spring-tutoring/west-spring-and-klein?utm_source=google&utm_medium=local&utm_campaign=localmaps&utm_content=310,(281) 975-0992
Klein ISD,Tutor,"The Tutoring Center - Tomball, TX",http://tomballtx.tutoringcenter.com/,(281) 255-0530
Garland ISD,Attorney,The Willis Law Group P.L.L.C.,https://www.thewillislawgroup.com/,(214) 736-9433
Garland ISD,Attorney,"Cao & Associates, P.C.",http://caoatlaw.com/,(214) 703-0903
Garland ISD,Attorney,"EDWARD SALDAÑA, Attorney",https://saunderswalsh.com/team-member/edward-saldana/,(214) 919-3555
Garland ISD,Attorney,The Beltz Law Firm,http://beltzlaw.com/,(214) 321-4105
Garland ISD,Tutor,Dyslexia Learning Solutions,http://dyslexialearningsolutions.com/,(469) 888-3451
Garland ISD,Tutor,The Tutoring Center Garland,http://www.garland.tutoringcenter.com/,(972) 200-7877
Garland ISD,Tutor,Diagnostic Learning Services - Plano,https://diagnostic-learning.com/,(972) 612-5615
Garland ISD,Tutor,Gideon Math and Reading - Garland,https://gideonmathandreading.com/garland/,(214) 771-8879
Garland ISD,Tutor,Sylvan Learning of Rowlett,https://www.sylvanlearning.com/locations/us/tx/rowlett-tutoring/rowlett?utm_source=google&utm_medium=local&utm_campaign=localmaps&utm_content=8337,(469) 863-8697
El Paso ISD,Attorney,"Blanco Ordoñez Mata & Wechsler, P.C.",https://www.bomwlaw.com/,(915) 845-5800
El Paso ISD,Attorney,Law Rhinos,http://lawrhinos.net/,(915) 800-0691
El Paso ISD,Attorney,"Spencer Trial Attorneys, P.C.",https://www.spencertrialattorneys.com/,(915) 532-5562
El Paso ISD,Attorney,Anderson Bright & Associates PC,http://www.andersoncroutattorneys.com/,(915) 595-1380
El Paso ISD,Attorney,"Mounce, Green, Myers, Safi, Paxson & Galatzan",http://www.mgmsg.com/,(915) 532-2000
El Paso ISD,Attorney,Lopez Molinar & Hirsh PLLC,http://www.lopezsaroldi.com/,(915) 838-3900
El Paso ISD,Attorney,"Law Offices of Ruben Ortiz, PLLC",https://www.rubenortizlaw.com/,(915) 545-1616
El Paso ISD,Advocate,EPISD SPECIAL EDUCATION HEALTH SERVICES CENTER,https://www.episd.org/site/default.aspx?PageType=3&DomainID=4&ModuleInstanceID=101&ViewID=6446EE88-D30C-497E-9316-3F8874B3E108&RenderLoc=0&FlexDataID=30144&PageID=1,(915) 230-2500
El Paso ISD,Advocate,Children’s Disabilities Information Coalition,http://cdicelpaso.org/,(915) 217-2747
El Paso ISD,Advocate,Advocacy Center For Children,http://www.advocacycenterep.org/,(915) 545-5400
El Paso ISD,Tutor,Sylvan Learning of El Paso Eastside,https://sylvanlearning.com/locations/us/tx/el-paso-tutoring/el-paso-eastside?utm_source=google&utm_medium=local&utm_campaign=localmaps&utm_content=348,(915) 503-2647
El Paso ISD,Tutor,Sylvan Learning of El Paso Westside,https://sylvanlearning.com/locations/us/tx/el-paso-tutoring/el-paso-westside?utm_source=google&utm_medium=local&utm_campaign=localmaps&utm_content=344,(915) 505-7706
El Paso ISD,Tutor,Okó Learning Center LLC,http://www.okolearningcenter.com/,(915) 224-0358
El Paso ISD,Tutor,Dynamis Learning Center,https://dynamislearningcenter.org/,(915) 255-3032
El Paso ISD,Tutor,Ysleta Community Learning Center,https://www.yisd.net/o/communityadultlc,(915) 434-9400
El Paso ISD,Tutor,Bridges Academy,http://www.bridgesacademy.org/,(915) 532-6647
El Paso ISD,Tutor,San Jacinto Adult Learning Center,https://www.episd.org/sanjacinto,(915) 230-3200
Lewisville ISD,Attorney,The Law Offices of Eric G. Ransleben,http://theeducationlawyer.com/,(817) 491-8687
Lewisville ISD,Attorney,"Chermol & Fishman, LLC - Texas Office",https://myphiladelphiadisabilitylawyer.com/texas/,(888) 774-7243
Lewisville ISD,Attorney,"The Jimenez Law Firm, P.C.",https://www.thejimenezlawfirm.com/locations/jimenez-law-firm-lewisville-tx/,(214) 513-0125
Lewisville ISD,Attorney,David S. Kohm & Associates,https://www.attorneykohm.com/personal-injury-attorney-lewisville/,(972) 354-4605
Lewisville ISD,Attorney,Gehi & Associates - Free Consultation,https://gehilaw.com/gehilawtexas/,(469) 694-1804
Lewisville ISD,Tutor,Texas Center for Educational Testing-TxCet LLC,http://www.txcet.com/,(940) 209-0010
Lewisville ISD,Tutor,Reading Ranch Lewisville,https://www.readingranch.com/,(214) 449-1406
Lewisville ISD,Tutor,Lewisville ISD Learning Center,http://lisd.net/llc,(469) 713-5185
Lewisville ISD,Tutor,Reading Ranch Frisco - Reading Tutoring,http://www.readingranch.com/,(214) 449-1406
Plano ISD,Attorney,Weeks Law Firm,https://weekslawfirm.com/?utm_source=Google&utm_medium=Local&utm_campaign=GMB,(214) 269-4290
Plano ISD,Attorney,Lizardo Law Firm,https://lizardolaw.com/,(469) 447-9955
Plano ISD,Attorney,Brad Thomas Disability PLLC,https://bradthomasdisability.com/,(972) 863-2367
Plano ISD,Attorney,DLL-Law Group,https://www.dll-law.com/,(214) 393-1212
Plano ISD,Attorney,Wilder Law Firm,https://wilderfirm.com/,(214) 949-4687
Plano ISD,Attorney,Dunham & Jones,https://www.dunhamlaw.com/tx/plano-criminal-attorneys/,(214) 888-8888
Plano ISD,Tutor,The Tutoring Center,http://plano.tutoringcenter.com/,(469) 277-8177
Plano ISD,Tutor,Reading Ranch Plano - Reading Tutoring,http://readingranch.com/,(214) 449-1406
Plano ISD,Tutor,Eye Level Learning Center Plano Central,https://www.myeyelevel.com/US/center/planocentral,(972) 398-6284
Pasadena ISD,Attorney,Ghuneim Law Firm,https://www.ghuneimlaw.com/,(281) 487-8929
Pasadena ISD,Attorney,Law Office Of Daniel Corno,http://www.cornofamilylaw.com/contact.html,(832) 767-2922
Pasadena ISD,Attorney,"Glover, Shari L - (Giddens & Burns Building)",https://www.familylawofpasadena.com/,(713) 947-0001
Pasadena ISD,Attorney,Shane Pellerin Law Firm,https://pellerinlawfirm.com/,(281) 479-7499
Pasadena ISD,Attorney,Law Office of Hollie Hale,http://halelawoffices.com/,(281) 991-4253
Pasadena ISD,Attorney,"Schechter, Shaffer & Harris, LLP",https://www.smslegal.com/pasadena-injury/?utm_source=GBP&utm_medium=GBP&utm_campaign=GBP_Pasadena&utm_id=GBP_Pasadena,(832) 345-1327
Pasadena ISD,Tutor,Bay Area Learning Center,http://www.bayarealearningcenter.com/about_us.html,(281) 218-7650
Pasadena ISD,Tutor,Irlen Clinic Krist Samaritan Center,http://www.yaxley-irlen.com/,(832) 720-3071
Pasadena ISD,Tutor,"The Tutoring Center, Friendswood TX",https://www.tutoringcenter.com/center/friendswoodtx,(832) 786-8556
