District,Attorney Name,Law Firm,Website,Phone Number,City
Houston ISD,Jennifer Swanson,"Swanson Law, PLLC",https://www.swansonlawpllc.com/,,Katy
Houston ISD,,Filis Law Firm,https://houstonspecialneedsattorneys.com/,713-462-1777,Houston
Houston ISD,,Bivona Law,,713-360-7596,Houston
Houston ISD,Kevin and Liz Shields,Shields Law,https://www.shieldslawtexas.com/,,Houston
Houston ISD,,Tritico Law,,,Houston
Dallas ISD,Keith Altman,"The Law Office of Keith Altman, PLLC",unavailable,unavailable,Dallas
Dallas ISD,Sharon Ramage,unavailable,unavailable,972-562-9890,Greater Dallas-Fort Worth area
Dallas ISD,Kevin and Liz Shields,Shields Law,unavailable,unavailable,unavailable
Dallas ISD,unavailable,"Burns Allen, PLLC",unavailable,214.612.6168,Dallas
Cypress-Fairbanks ISD,Kevin and Liz Shields,Shields Law,unavailable,unavailable,unavailable
Cypress-Fairbanks ISD,Sharon Ramage,The Ramage Law Group,www.texasspecialeducationattorney.com,(972) 562-9890,unavailable
Cypress-Fairbanks ISD,Goz Odediran,Odediran Law Firm,unavailable,unavailable,unavailable
Northside ISD,Jennifer Swanson,"Swanson Law, PLLC",https://www.swansonlawpllc.com/,,Katy
Northside ISD,Sharon Ramage,The Ramage Law Group,www.texasspecialeducationattorney.com,972-562-9890,Greater Dallas-Fort Worth area
Northside ISD,Elizabeth Angelone,"Cuddy Law Firm, P.L.L.C",,512-649-3191,Austin
Northside ISD,Kevin and Liz Shields,Shields Law,,,
Northside ISD,Roy Atwood,Atwood Gameros LLP,,,
Katy ISD,Jennifer Swanson,"Swanson Law, PLLC",,,Katy
Katy ISD,Kevin Shields,Shields Law Firm,,(832) 532-6707,Katy
Katy ISD,Alicia Tucker,,,+1 713-725-5982,Houston
Fort Bend ISD,Kristin Tassin,Dry & Tassin,,,Missouri City
Fort Bend ISD,,Odediran Law Firm,http://www.edurightslaw.com,512-886-5069,Austin
Fort Bend ISD,Boyd Handley,"The Handley Law Office, PLLC",,281.703.3616,
IDEA Public Schools,Sharon Ramage,The Ramage Law Group,www.texasspecialeducationattorney.com,(972) 562-9890,
IDEA Public Schools,,Atwood Gameros LLP,,,
IDEA Public Schools,Elizabeth Angelone,"Cuddy Law Firm, P.L.L.C",,512-649-3191,Austin
IDEA Public Schools,Kevin and Liz Shields,Shields Law,,,
IDEA Public Schools,Jennifer Swanson,"Swanson Law, PLLC",,,Katy
Conroe ISD,Sharon Ramage,The Ramage Law Group,http://www.texasspecialeducationattorney.com,(972) 562-9890,Texas (statewide)
Conroe ISD,Keith Altman,"The Law Office of Keith Altman, PLLC",No website found,No phone number found,Conroe
Conroe ISD,Kevin and Liz Shields,Shields Law,No website found,No phone number found,Houston
Austin ISD,Elizabeth Angelone,"Cuddy Law Firm, P.L.L.C",https://vertexaisearch.cloud.google.com/grounding-api-redirect/AUZIYQENTNN-itHideJ-CNfjLoK5Zy3T4sJnQonrK2Bwjf7vuKyFzhE_dEun6txK-3gBbiFEzEfuQclgCO4O2YcBRi40g-XSWFDi4ulip1uOp035KICxeUHbEt2SSaEVQmbwk1usboqGj4-0KNZ4stWkuG5I5x9IdXSbYw==,512-649-3191,Austin
Austin ISD,Not specified,"Cirkiel Law Group, P.C.",https://vertexaisearch.cloud.google.com/grounding-api-redirect/AUZIYQGBKp5qzEiDma7X6ZglIkMHa8EWSKGnAYrAUJ1eUr2W3BmFxXV4fFAvpdNJDAAatcLMpQ1g71aKeIYic2MdKnTzhnXgrUs618oWCCXooviQLDios94w,512-244-6658,Austin
Austin ISD,Holly Boyd Wardell,"Eichelbaum Wardell Hansen Powell & Muñoz, P.C",https://vertexaisearch.cloud.google.com/grounding-api-redirect/AUZIYQFXrIDmQ6B4cPly9JtmCt9ucgFpQvt5-dXs5XLlyy1mBkGk8HPCv_eB9BSe3x3UjD655yhIvCfMsGvzRRsbiPrvLNgn-10RHkqGyz2vSiiEfQYld1hhS7L1BL_CItiq_aINCz9Zgy6IaPjvY59ODxbchgvKhRJw-X-U_cg=,512-476-9944,Austin
Austin ISD,Not specified,Ryan Law PLLC,https://vertexaisearch.cloud.google.com/grounding-api-redirect/AUZIYQG_yGbm_AxdZXXEdNEYiviRTKnG6BxZ6oVW0kC2kKswRmDt9asB1VRTb8FB3LVykcdWjEW3qh3Yy9IhkPgF3-31Gud7AnZn25tPmr1JYRAE5Hz8vlADnCLCuIGWGWgdCn9FoJ8Y,Not specified,Austin
Fort Worth ISD,Sharon Ramage,Child Rights Attorneys,https://vertexaisearch.cloud.google.com/grounding-api-redirect/AUZIYQHXQhyaiKz7z3NdLsrwBxuoY58t8Y3TgKs9tDpQybkRNUj6O4i1zdbadmf06HSEUrV-EliPRosLv05UNnXd4qFp-Uks6zeffAaIaz9IHNae3Fd3s32ogezyxYYAiARcbb1fWttsNw==,972-562-9890,Greater Dallas-Fort Worth area
Fort Worth ISD,Kendra Yoch,Thompson & Horton,https://vertexaisearch.cloud.google.com/grounding-api-redirect/AUZIYQESDD5dBNZRg5nLTphVbJiD-Mfqs8i5MraAQEvkg3j761RHY0sKlmWZPU4wtvDGQE_fGz50M66EIoq3wKAonv1jHPAmb_EeokBR31k6Q-iAavUAnxaXiK6QYXP3iPwXxWNuSTfEZwjGioVgHe3V1q8zjSefHBLO1q-i33BxQqhQyoh1RVWI_VHb0yI=,713-554-6767,Houston
Fort Worth ISD,Kendra Yoch,Thompson & Horton,https://vertexaisearch.cloud.google.com/grounding-api-redirect/AUZIYQESDD5dBNZRg5nLTphVbJiD-Mfqs8i5MraAQEvkg3j761RHY0sKlmWZPU4wtvDGQE_fGz50M66EIoq3wKAonv1jHPAmb_EeokBR31k6Q-iAavUAnxaXiK6QYXP3iPwXxWNuSTfEZwjGioVgHe3V1q8zjSefHBLO1q-i33BxQqhQyoh1RVWI_VHb0yI=,512-615-2350,Austin
Frisco ISD,Janelle Davis,Janelle L. Davis Law PLLC,,,Frisco
Frisco ISD,,Marx Law Firm,,,Frisco
Aldine ISD,Sharon Ramage,The Ramage Law Group,www.texasspecialeducationattorney.com,972-562-9890,Greater Dallas-Fort Worth area
Aldine ISD,Roy Atwood,Atwood Gameros LLP,,,North Texas
Aldine ISD,Attorney Swanson,"Swanson Law, PLLC",,,Katy
Aldine ISD,,"Burns Allen, PLLC",,214.612.6168 (Dallas),
Aldine ISD,,K Altman Law,,,
North East ISD,Jennifer Swanson,"Swanson Law, PLLC",https://vertexaisearch.cloud.google.com/grounding-api-redirect/AUZIYQHXI0EEyqd3uZtu7NuDUDfmD_v3duCd4Zhfs0uLSAVCmagY3Ed5BMFpwKXH2DoZ1paqJSLEYJpYNJV3WteO9XN4Ffx-5N5aZJtnPDb-XNSCPefG2U78iaomCxs_FF1xxJOv7Ft01rA8il1DisyAlFN1XI_jNROv_yP5iz4AkXuzxci8EXQqeQ==,,Katy
North East ISD,Keith Altman,"The Law Office of Keith Altman, PLLC",,,San Antonio
North East ISD,Sharon Ramage,The Ramage Law Group,www.texasspecialeducationattorney.com,(972) 562-9890,Dallas-Fort Worth Area
North East ISD,Elizabeth Angelone,"Cuddy Law Firm, P.L.L.C",,512-649-3191,Austin
North East ISD,,"Burns Allen, PLLC",,214.612.6168,Dallas
Arlington ISD,Janelle Davis,Janelle Davis Law PLLC,,,
Arlington ISD,Andrea Mooney,"Eichelbaum Wardell Hansen Powell & Munoz, P.C.",https://www.ewlaw.com/,(512) 476-9944,Austin
Arlington ISD,Amy Foster,"Eichelbaum Wardell Hansen Powell & Munoz, P.C.",https://www.ewlaw.com/,(512) 476-9944,Austin
Arlington ISD,Lisa Jamieson,"Bourland, Wall & Wenzel, P.C.",,,
Klein ISD,Sharon Ramage,The Ramage Law Group,www.texasspecialeducationattorney.com,972-562-9890,Dallas-Fort Worth area
Klein ISD,Kevin and Liz Shields,Shields Law,,,
Klein ISD,Goz Odediran,Odediran Law Firm,,,
Garland ISD,Jennifer Swanson,"Swanson Law, PLLC",https://www.swansonlegal.com/,,Katy
Garland ISD,Kendra Yoch,Thompson & Horton,https://www.thompsonhorton.com/,713-554-6767,Houston
Garland ISD,Elizabeth Angelone,"Cuddy Law Firm, P.L.L.C",,512-649-3191,Austin
Garland ISD,Kevin and Liz Shields,Shields Law,,,
Garland ISD,Roy Atwood,Atwood Gameros LLP,,,
El Paso ISD,Sharon Ramage,"Naman, Howell, Smith & Lee, PLLC",,,El Paso
El Paso ISD,Keith Altman,"The Law Office of Keith Altman, PLLC",,,El Paso
El Paso ISD,,"Education Litigation Group, LLC",,,
El Paso ISD,,LLF National Law Firm,,888-535-3686,El Paso
El Paso ISD,Ruben Ortiz,Law Offices of Ruben Ortiz,https://vertexaisearch.cloud.google.com/grounding-api-redirect/AUZIYQExqe7XUSkVbz0B_XQroFXaymh81VxbtLD8Wf10av4Ji3O1ryAO7BzVGhWV61JmIo2SxONnQnHKxgu4Rj9expRGeELo2h6fNJ0yGVn628oTQAV8aPDRedaSKajiDqau9NmFQWzUBxojxqJhRvbRb6I6TMWywFjB6MG6VgkG8bvUFQpio8KWNoDGBFTF,915-308-8850,El Paso
Lewisville ISD,Karl Tiger Hanner,Attorney at Law,,,Austin
Lewisville ISD,Nona Matthews,,,,Irving
Lewisville ISD,Meredith Walker,,,,Irving
Lewisville ISD,,Lento Law Firm,,888-535-3686,
Plano ISD,Sharon Ramage,The Ramage Law Group,https://www.texasspecialeducationattorney.com,972-562-9890,McKinney
Plano ISD,Kevin and Liz Shields,Shields Law,https://shieldslawfirm.com/,,
Plano ISD,Roy Atwood,Atwood Gameros LLP,https://atwoodgameros.com/,,
Pasadena ISD,Kevin Shields,Shields Law,https://www.shieldslaw.com/,(832) 422-7333,Houston
Pasadena ISD,Ayesha Mutope-Johnson,,,(713) 529-9092,Houston
Pasadena ISD,Sharon Ramage,The Ramage Law Group,www.texasspecialeducationattorney.com,(972) 562-9890,
Pasadena ISD,Goz Odediran,Odediran Law Firm,,,
Humble ISD,Sharon Ramage,The Ramage Law Group,www.texasspecialeducationattorney.com,972-562-9890,Greater Dallas-Fort Worth area
Humble ISD,Roy Atwood,Atwood Gameros LLP,,,Texas
Humble ISD,Elizabeth Angelone,"Cuddy Law Firm, P.L.L.C",,512-649-3191,Austin
Humble ISD,,Shields Law,,,"Houston, Katy, San Antonio"
Socorro ISD,Sharon Ramage,The Ramage Law Group,https://www.texasspecialeducationattorney.com,972-562-9890,Greater Dallas-Fort Worth area
Socorro ISD,Elizabeth Angelone,"Cuddy Law Firm, P.L.L.C",https://vertexaisearch.cloud.google.com/grounding-api-redirect/AUZIYQEySfCL4QM1sCGtQ7mJup_LcRnHIJ_DfIbhVhJTsYrbw800mFgGj9ZP9h9Sr2DKqmZiAjFh1g6EGjKlSuEwSKY77jlRER88zfgzN6OpbVCwAZA-RkYW_LtqV4lBaxCbT08AyF232TKARzgnnmPNbxZ9wwoJiJFZlw==,512-649-3191,Austin
Socorro ISD,Jennifer Swanson,"Swanson Law, PLLC",https://vertexaisearch.cloud.google.com/grounding-api-redirect/AUZIYQEgulLrX1YTRoL5fbiNYESr3jm2fMUEr3p-J_cwXNemdvMvb5rMYlxbnPqMoyruhbZhUSr4FDQx0xPA7baL_IIHg-lGe_mDDfjorckoEbbLjZGME1il6noTUoeQoivUd-kyh1rlr8pL_LxQkp8EtLIlSjUvDXw=,,Katy
Socorro ISD,Kevin and Liz Shields,Shields Law,https://vertexaisearch.cloud.google.com/grounding-api-redirect/AUZIYQEY043XaCUEq3Z3V_10M9NLln-Ch5A4pVFcdX3JUGAvbTXV3UPwOvo-Xw9z3IyVhMiurndYb4L1353gIOrWB7ijpw7T0TwADqf0Y5xryZE77ONvoQ==,,Statewide Texas
Round Rock ISD,The Gallini Firm,"The Gallini Group, LLC",Unavailable,(817) 303-2820,Round Rock
Round Rock ISD,Jason Wright,"The Law Office of Jason Wright, PLLC",Unavailable,Unavailable,Round Rock
Round Rock ISD,Keith Altman,"The Law Office of Keith Altman, PLLC",Unavailable,Unavailable,Round Rock
Round Rock ISD,Kevin and Liz Shields,Shields Law,Unavailable,Unavailable,Unavailable
Round Rock ISD,Sharon Ramage,The Ramage Law Group,texasspecialeducationattorney.com,(972) 562-9890,Dallas-Fort Worth Area
San Antonio ISD,Keith Altman,"The Law Office of Keith Altman, PLLC",,,San Antonio
San Antonio ISD,Attorney Swanson,"Swanson Law, PLLC",,,Katy
San Antonio ISD,,Shields Law,,,San Antonio
San Antonio ISD,Sharon Ramage,The Ramage Law Group,,,
San Antonio ISD,,Brandon Wong & Associates,,210-201-3832,San Antonio
Killeen ISD,Elizabeth Angelone,"Cuddy Law Firm, P.L.L.C",https://www.cuddylawfirm.com/,512-649-3191,Austin
Killeen ISD,Roy Atwood,Atwood Gameros LLP,https://www.atwoodgameros.com/,,
Killeen ISD,Sharon Ramage,The Ramage Law Group,www.texasspecialeducationattorney.com,972-562-9890,
Killeen ISD,Kevin and Liz Shields,Shields Law,,,
Killeen ISD,Attorney Swanson,"Swanson Law, PLLC",,,Katy
Leander ISD,Sharon Ramage,The Ramage Law Group,,972-562-9890,Greater Dallas-Fort Worth area
Leander ISD,Kevin and Liz Shields,Shields Law,,,Texas (statewide)
Leander ISD,,Odediran Law Firm,hello@edurightslaw.com,512-886-5069,Austin
United ISD,Sharon Ramage,The Ramage Law Group,www.texasspecialeducationattorney.com,972-562-9890,Greater Dallas-Fort Worth area
United ISD,Jennifer Swanson,"Swanson Law, PLLC",,,Katy
United ISD,Kevin and Liz Shields,Shields Law,,,
Clear Creek ISD,Jennifer Swanson,"Swanson Law, PLLC",,,Katy
Clear Creek ISD,Sharon Ramage,Ramage Law Firm,,972-562-9890,Greater Dallas-Fort Worth area
Clear Creek ISD,Kevin and Liz Shields,Shields Law,,,Texas (Serving families statewide)
Clear Creek ISD,Roy Atwood,Atwood Gameros LLP,,,Texas
Mesquite ISD,Scott Thomas,Mesquite ISD General Counsel,https://vertexaisearch.cloud.google.com/grounding-api-redirect/AUZIYQHiyp3iEFg65jkCRW-f4A2JFu7Z12MTVTyP9KkuLGaXn4YY4j0IEalUz7U2mk_k9WMAd5aCUD6gbWwG0CwU_gSr8lOMJzQ1PAoK7l20mvY88NXtHD-opITRiYXdUZ_jIHWsbHxqe00=,972-882-5596,Mesquite
Mesquite ISD,Dorene J. Philpot,"Philpot Law Office, P.C.",,,
Mesquite ISD,,Lento Law Firm,,888-535-3686,
Richardson ISD,Kevin and Liz Shields,Shields Law,https://vertexaisearch.cloud.google.com/grounding-api-redirect/AUZIYQF-6hLYM44fdxDfcf0vYgFlIkjlPh2q8bq49roizCp_fdYhxqFBmUQoo-xQAC3mwT1iUy_FMeu6bgaBhuufG4gi9wdmblkm4w28W-r46P-_ELXa,Not found,Texas
Richardson ISD,Sharon Ramage,The Ramage Law Group,www.texasspecialeducationattorney.com,(972) 562-9890,Texas
Richardson ISD,Elizabeth Angelone,"Cuddy Law Firm, P.L.L.C",https://vertexaisearch.cloud.google.com/grounding-api-redirect/AUZIYQHq8-Kc56gMEe2nAL8YWebfGYCQfvREr-B1To73vr7wsrQAZCQ99QzlNuZcA_PAKoICiEBd6aHBEZRY9ayaVTtVs3Fn9tovDdhRHJ4TMNLO_9v6gAMYSQGrWe1egPf8j-kBzRKGQYyG7IsiofLaAp35FIe3bI8e,512-649-3191,Austin
Richardson ISD,Roy Atwood,Atwood Gameros LLP,https://vertexaisearch.cloud.google.com/grounding-api-redirect/AUZIYQF-Iy8hF9VdqG0oWNZRfYOotsyxjKPp_5S2m_0ch6NKA2O4Sp0jb7dbQ3Rw9kAe6Tud5oeHlSlMtCbEnl7DejxVcLePD1dlXnjOQbg0frlzB9CKkRntOyf1F042dUPpBnORf18u7i4BaFBaN4Yi,Not found,Texas
Richardson ISD,Jennifer Richardson,Richardson Brown,https://vertexaisearch.cloud.google.com/grounding-api-redirect/AUZIYQHhboctPYgz2xq6B2xxTh8akQtyKJljb_fnxh8m6uXAFBJfGEp7i_gZmSyNEF2D2ZUsxq1MzDiLOrxjUzFj1Z7C-z-vuylzw-LfSGbSs10dlQ5fONp6ecQrmi9-IIGpcQK_Db1ykcnwZsT2hhtrNLXl5vmVZA==,(972) 832-8058,Richardson
Alief ISD,Boyd Handley,The Handley Law Office,,281.703.3616,Houston
Alief ISD,Dorene J. Philpot,"Philpot Law Office, P.C.",,,
Mansfield ISD,Sharon Ramage,The Ramage Law Group,https://www.texasspecialeducationattorney.com,972-562-9890,Greater Dallas-Fort Worth area
Mansfield ISD,Kevin and Liz Shields,Shields Law,"No website was specified, but information about Shields Law can be found via search.",Not found in the search results.,Texas
Denton ISD,Roy Atwood,Atwood Gameros LLP,,,
Denton ISD,Keith Altman,"The Law Office of Keith Altman, PLLC",,,Denton
Denton ISD,Goz Odediran,Odediran Law Firm,,,Austin
Denton ISD,Kevin and Liz Shields,Shields Law,,,
Denton ISD,Sharon Ramage,The Ramage Law Group,www.texasspecialeducationattorney.com,(972) 562-9890,
Ector County ISD,Kevin and Liz Shields,Shields Law,,,
Ector County ISD,Sharon Ramage,The Ramage Law Group,www.texasspecialeducationattorney.com,972-562-9890,
Spring ISD,Janet Horton,Thompson & Horton,,,
Spring ISD,Rebecca Bailey,Thompson & Horton,,,
Spring ISD,Ashley Addo,Thompson & Horton,,,
Spring Branch ISD,Kevin and Liz Shields,Shields Law,https://www.shieldslawtexas.com/,,
Spring Branch ISD,Sharon Ramage,The Ramage Law Group,www.texasspecialeducationattorney.com,972-562-9890,
Spring Branch ISD,Roy Atwood,Atwood Gameros LLP,https://www.atwoodgameros.com/,,
Spring Branch ISD,Goz Odediran,Odediran Law Firm,,,
Spring Branch ISD,Jennifer Swanson,"Swanson Law, PLLC",,,
Corpus Christi ISD,Keith Altman,"The Law Office of Keith Altman, PLLC",,,Corpus Christi
Corpus Christi ISD,Augustin Rivera Jr.,,,,Corpus Christi
Corpus Christi ISD,Kevin and Liz Shields,Shields Law,www.shieldslawtexas.com,,
Corpus Christi ISD,Sharon Ramage,The Ramage Law Group,www.texasspecialeducationattorney.com,(972) 562-9890,
Keller ISD,Jennifer Swanson,"Swanson Law, PLLC",,,Katy
Keller ISD,Sharon Ramage,The Ramage Law Firm,,972-562-9890,McKinney
Keller ISD,Kevin and Liz Shields,Shields Law,,,
Keller ISD,Elizabeth Angelone,"Cuddy Law Firm, P.L.L.C",,512-649-3191,Austin
Keller ISD,Roy Atwood,Atwood Gameros LLP,,,
Irving ISD,Sharon Ramage,The Ramage Law Group,N/A,972-562-9890,McKinney
Irving ISD,Keith Altman,"The Law Office of Keith Altman, PLLC",N/A,N/A,N/A
Irving ISD,Kevin and Liz Shields,Shields Law,N/A,N/A,N/A
Prosper ISD,Sharon Ramage,The Ramage Law Group,www.texasspecialeducationattorney.com,(972) 562-9890,
Prosper ISD,Kevin and Liz Shields,Shields Law,,,
Prosper ISD,Elizabeth Angelone,"Cuddy Law Firm, P.L.L.C",,512-649-3191,Austin
Prosper ISD,Roy Atwood,Atwood Gameros LLP,,,
Pharr-San Juan-Alamo ISD,Jennifer Swanson,"Swanson Law, PLLC",Unavailable,Unavailable,Katy
Pharr-San Juan-Alamo ISD,Sharon Ramage,The Ramage Law Group,www.texasspecialeducationattorney.com,972-562-9890,Dallas-Fort Worth area
Pharr-San Juan-Alamo ISD,Elizabeth Angelone,"Cuddy Law Firm, P.L.L.C",Unavailable,512-649-3191,Austin
Pharr-San Juan-Alamo ISD,Kevin and Liz Shields,Shields Law,Unavailable,Unavailable,Unavailable
Pharr-San Juan-Alamo ISD,Roy Atwood,Atwood Gameros LLP,Unavailable,Unavailable,Unavailable
Alvin ISD,Kevin and Liz Shields,Shields Law,https://www.shieldslawfirm.com/,,
Alvin ISD,Sharon Ramage,The Ramage Law Group,https://www.texasspecialeducationattorney.com,972-562-9890,Greater Dallas-Fort Worth
Amarillo ISD,Keith Altman,"The Law Office of Keith Altman, PLLC",unavailable,unavailable,Amarillo
Amarillo ISD,Sharon Ramage,unavailable,unavailable,unavailable,unavailable
Northwest ISD,Sharon Ramage,The Ramage Law Group,http://www.texasspecialeducationattorney.com,972-562-9890,Greater Dallas-Fort Worth area
Northwest ISD,Kevin and Liz Shields,Shields Law,https://shieldslaw.net/,,Texas (statewide)
Northwest ISD,Goz Odediran,Odediran Law Firm,,,Texas (statewide)
Northwest ISD,,Ryan Law PLLC,,,Texas
Comal ISD,Jennifer Swanson,"Swanson Law, PLLC",,,Katy
Comal ISD,Roy Atwood,Atwood Gameros LLP,,,
Comal ISD,Kevin and Liz Shields,Shields Law,,,
Comal ISD,Sharon Ramage,The Ramage Law Group,www.texasspecialeducationattorney.com,(972) 562-9890,
Comal ISD,Elizabeth Angelone,"Cuddy Law Firm, P.L.L.C",,512-649-3191,Austin
Edinburg CISD,Roy Atwood,Atwood Gameros LLP,https://www.atwoodgameros.com/,,
Edinburg CISD,Sharon Ramage,The Ramage Law Group,www.texasspecialeducationattorney.com,972-562-9890,
Edinburg CISD,Elizabeth Angelone,"Cuddy Law Firm, P.L.L.C",,512-649-3191,Austin
Edinburg CISD,Kevin and Liz Shields,Shields Law,,,
Midland ISD,Sharon Ramage,Ramage Law Firm,,972-562-9890,Greater Dallas-Fort Worth area
Midland ISD,Keith Altman,"The Law Office of Keith Altman, PLLC",,,
Midland ISD,Kevin and Liz Shields,Shields Law,,,
Midland ISD,Arturo Urteaga,,,,Midland
Midland ISD,Leah Robertson,,,,Midland
Judson ISD,Kevin and Liz Shields,Shields Law,https://www.shieldslawfirm.com/,,
Judson ISD,Goz Odediran,Odediran Law Firm,,,
Judson ISD,Sharon Ramage,The Ramage Law Group,,972-562-9890,Greater Dallas-Fort Worth area
Judson ISD,Roy Atwood,Atwood Gameros LLP,,,
Pflugerville ISD,Sharon Ramage,The Ramage Law Group,www.texasspecialeducationattorney.com,(972) 562-9890,Texas (statewide)
Pflugerville ISD,Roy Atwood,Atwood Gameros LLP,,,North Texas
Pflugerville ISD,Elizabeth Angelone,"Cuddy Law Firm, P.L.L.C",,512-649-3191,Austin
Pflugerville ISD,Kevin and Liz Shields,Shields Law,,,Texas (statewide)
Carrollton-Farmers Branch ISD,Matthew L. Finch,"The Law Offices of Matthew L. Finch, P.C.",,(210) 223-1123,San Antonio
Carrollton-Farmers Branch ISD,Sharon Ramage,The Ramage Law Group,www.texasspecialeducationattorney.com,(972) 562-9890,Greater Dallas-Fort Worth area
Carrollton-Farmers Branch ISD,Jennifer Swanson,"Swanson Law, PLLC",,,Katy
Carrollton-Farmers Branch ISD,Kevin and Liz Shields,Shields Law,,,
Carrollton-Farmers Branch ISD,Roy Atwood,Atwood Gameros LLP,,,
Lubbock ISD,Jennifer Calfin (Beasley),Disability Rights Texas,N/A,806-370-1480,Lubbock
Lubbock ISD,Unknown,Shields Law Firm,https://vertexaisearch.cloud.google.com/grounding-api-redirect/AUZIYQHcfhDEJ4uIFM9orE2XI317JTvyB2NYNCRsqVLASEE73_CdENiIQtIAlZKgHLWV-3dKXS2vI1-pYLmy55TBtdUTeiu9tgA9aZ0yrhbR6VKHg-Sp,Unknown,Lubbock
Lubbock ISD,Unknown,The Ramage Law Group,www.texasspecialeducationattorney.com,(972) 562-9890,N/A
Lubbock ISD,Unknown,"The Law Office of Keith Altman, PLLC",N/A,Unknown,Lubbock
Lubbock ISD,Unknown,Underwood Law Firm,https://vertexaisearch.cloud.google.com/grounding-api-redirect/AUZIYQGprH538tLPJd9pk3ggHkee3KWfm8sRu0sP1d6esGSp6K0_8vO-JW5ysA9ij53-t5SfeHPgF9OPV0RKl25tdPjweyKJsqy5om97z3VJJE_n_xO5mjFwXdK35jVnACVneOg=,806 793 1711,Lubbock
Hays CISD,Alexis Bucelo Diaz,BUCELO DIAZ LAW PLLC,,(954) 399-1910,"Weston, FL"
Hays CISD,Sharon Ramage,The Ramage Law Group,www.texasspecialeducationattorney.com,(972) 562-9890,Greater Dallas-Fort Worth area
Hays CISD,Kevin and Liz Shields,Shields Law,,,Texas
La Joya ISD,Sharon Ramage,The Ramage Law Group,www.texasspecialeducationattorney.com,972-562-9890,Greater Dallas-Fort Worth area
La Joya ISD,Roy Atwood,Atwood Gameros LLP,,,North Texas
La Joya ISD,Jennifer Swanson,"Swanson Law, PLLC",,,Katy
La Joya ISD,Kevin and Liz Shields,Shields Law,,,
La Joya ISD,Elizabeth Angelone,"Cuddy Law Firm, P.L.L.C",,512-649-3191,Austin
Eagle Mountain-Saginaw ISD,Myrna B. Silver,Attorney at Law,,,Dallas
Eagle Mountain-Saginaw ISD,Fritz Hager,Hager Law,https://hagerlawpc.com/,,
Eagle Mountain-Saginaw ISD,Justin Chapa,McDowell Hetherington LLP,,,Arlington
Goose Creek CISD,Kevin and Liz Shields,Shields Law,https://shieldslawfirm.com/,,
Goose Creek CISD,Sharon Ramage,The Ramage Law Group,www.texasspecialeducationattorney.com,(972) 562-9890,Dallas-Fort Worth area
Goose Creek CISD,Goz,Odediran Law Firm,,,
McKinney ISD,Sharon Ramage,The Ramage Law Group,www.texasspecialeducationattorney.com,972-562-9890,McKinney
McKinney ISD,Keith Altman,"The Law Office of Keith Altman, PLLC",,,McKinney
Tomball ISD,Sharon Ramage,Ramage Law Group,https://www.ramagelawgroup.com/,972-562-9890,Greater Dallas-Fort Worth Area
Tomball ISD,Kevin and Liz Shields,Shields Law,https://www.shieldslawtexas.com/,,Texas (statewide)
Tomball ISD,William James Hawkins Jr.,,,,Tomball
Birdville ISD,Elizabeth Angelone,"Cuddy Law Firm, P.L.L.C",https://www.cuddylawfirm.com/,512-649-3191,Austin
Birdville ISD,Sharon Ramage,The Ramage Law Group,www.texasspecialeducationattorney.com,972-562-9890,Dallas-Fort Worth
Birdville ISD,Roy Atwood,Atwood Gameros LLP,https://www.atwoodgameros.com/,,
Birdville ISD,Attorney Swanson,"Swanson Law, PLLC",,,Katy
Allen ISD,Jordan McKnight,Unknown,Unknown,Unknown,Unknown
Allen ISD,Jackie Dodd,"Dodd Law Offices, PLLC",Unknown,Unknown,Allen
Hurst-Euless-Bedford ISD,Sharon Ramage,Ramage Law Firm,https://www.ramagelawfirm.com/,972-562-9890,Dallas-Fort Worth Area
Hurst-Euless-Bedford ISD,Jennifer Swanson,"Swanson Law, PLLC",,,Katy
Hurst-Euless-Bedford ISD,Kevin and Liz Shields,Shields Law,https://www.shieldslaw.net/,,
Hurst-Euless-Bedford ISD,Elizabeth Angelone,"Cuddy Law Firm, P.L.L.C",,512-649-3191,Austin
Hurst-Euless-Bedford ISD,Roy Atwood,Atwood Gameros LLP,https://www.atwoodgameros.com/,,
Laredo ISD,Juan J. Cruz,J Cruz Law,unavailable,unavailable,unavailable
Laredo ISD,Mario Perez,J Cruz Law,unavailable,unavailable,unavailable
Laredo ISD,Michelle Bartley,J Cruz Law,unavailable,unavailable,San Antonio
Laredo ISD,Sharon Ramage,unavailable,unavailable,unavailable,unavailable
Laredo ISD,Keith Altman,"The Law Office of Keith Altman, PLLC",unavailable,unavailable,unavailable
McAllen ISD,Keith Altman,"The Law Office of Keith Altman, PLLC",,,McAllen
McAllen ISD,Sharon Ramage,,,,McAllen
McAllen ISD,Carlos Enrique Carlos Hernandez Jr.,,,,McAllen
Wylie ISD,Jordan McKnight,Unknown,Unknown,Unknown,Unknown
New Caney ISD,Sharon Ramage,The Ramage Law Group,https://www.texasspecialeducationattorney.com,972-562-9890,Greater Dallas-Fort Worth area
New Caney ISD,Jennifer Swanson,"Swanson Law, PLLC",,,Katy
New Caney ISD,Kevin and Liz Shields,Shields Law,,,
Rockwall ISD,Keith Altman,"The Law Office of Keith Altman, PLLC",unavailable,unavailable,Rockwall
Rockwall ISD,Sharon Ramage,Ramage Law Firm,unavailable,972-562-9890,Rockwall
Rockwall ISD,Marianne Howland,unavailable,unavailable,unavailable,Rockwall
Rockwall ISD,Kevin and Liz Shields,Shields Law,unavailable,unavailable,unavailable
Harlingen CISD,Francisco Javier Prado Jr.,Not specified,Not specified,Not specified,Harlingen
Harlingen CISD,Carlos Enrique Hernandez Jr.,Not specified,Not specified,Not specified,Harlingen
Harlingen CISD,Juan Palacios Jr.,Not specified,Not specified,Not specified,Harlingen
Harlingen CISD,Gustavo L. Acevedo Jr.,Not specified,Not specified,Not specified,Harlingen
Harlingen CISD,Sharon Ramage,Ramage Law Firm,Not specified,972-562-9890,Greater Dallas-Fort Worth area
Harlingen CISD,Kevin and Liz Shields,Shields Law,Not specified,Not specified,Texas
Crowley ISD,Dorene Philpot,Philpot Law Office,,,Galveston
Crowley ISD,Melissa K. Waugh,,,,
Forney ISD,Lawrence S. Fischman,"Glast, Phillips & Murray",,,Dallas
Forney ISD,Don Bradley Kizzia,Strasburger & Price,,,Dallas
Forney ISD,Christine D. Roseveare,Strasburger & Price,,,Dallas
Forney ISD,Dorene J. Philpot,"Philpot Law Office, P.C.",,,
Weslaco ISD,Roy Atwood,Atwood Gameros LLP,https://www.atwoodgameros.com/,,
Weslaco ISD,Sharon Ramage,The Ramage Law Group,www.texasspecialeducationattorney.com,972-562-9890,
Weslaco ISD,Elizabeth Angelone,"Cuddy Law Firm, P.L.L.C",,512-649-3191,Austin
Weslaco ISD,Kevin and Liz Shields,Shields Law,,,
Bryan ISD,Sharon Ramage,The Ramage Law Group,https://www.texasspecialeducationattorney.com,972-562-9890,McKinney
Bryan ISD,Kevin and Liz Shields,Shields Law,https://www.shieldslawtexas.com/,,"Houston, Katy, San Antonio"
Magnolia ISD,Keith Altman,K Altman Law,https://vertexaisearch.cloud.google.com/grounding-api-redirect/AUZIYQHuJHWiyccwl6FG7wYhbI-Y-iBHxQwC4YT1CXC__rqZNOa7UgNN73k6R1eWhe5tSt08Zw4d1rPzQLa4BudFmCtVtytZXQP3vYC70_osSmA0XaZWR5Y76g==,,
Magnolia ISD,Andrea,Shields Law Firm,,,
Magnolia ISD,Alicia Tucker,Special Education Advocate for Special Needs,https://vertexaisearch.cloud.google.com/grounding-api-redirect/AUZIYQELnephm4EKuxRk0vG-MIFfnv9t4tHC6JQSw_16Z6sNlJgs3v7gFq2xYTePFK96sWaXrdxpFSgxqSegc4sWOIv-CIpK2UHup7kc6No8izkLBdUUu232QvMzgOuNwA==,,Magnolia
Belton ISD,Ruby Bolton,Bolton Law,www.boltonlaw.com,,"The Woodlands, Katy, and Tomball"
Belton ISD,Jessica Horace,"Law Office of Bryan Fagan, PLLC",,,
Abilene ISD,Sharon Ramage,The Ramage Law Group,www.texasspecialeducationattorney.com,(972) 562-9890,Not found in search results
Abilene ISD,Keith Altman,"The Law Office of Keith Altman, PLLC",Not found in search results,Not found in search results,Not found in search results
Abilene ISD,"Various (Naman, Howell, Smith & Lee, PLLC)","Naman, Howell, Smith & Lee, PLLC",Not found in search results,Not found in search results,Not found in search results
College Station ISD,Wayne T. Rife,The Rife Law Firm,unavailable,unavailable,College Station
College Station ISD,Sharon Ramage,The Ramage Law Group,www.texasspecialeducationattorney.com,(972) 562-9890,unavailable
College Station ISD,Kevin and Liz Shields,Shields Law,unavailable,unavailable,unavailable
Mission CISD,Sharon Ramage,The Ramage Law Group,www.texasspecialeducationattorney.com,972-562-9890,Greater Dallas-Fort Worth area
Mission CISD,Elizabeth Angelone,"Cuddy Law Firm, P.L.L.C",,512-649-3191,Austin
Mission CISD,Goz Odediran,Odediran Law Firm,,,Texas
Mission CISD,,Atwood Gameros LLP,,,Texas
Mission CISD,,Shields Law,,,Texas
Donna ISD,Roy Atwood,Atwood Gameros LLP,https://www.atwoodgameros.com/,,
Donna ISD,Sharon Ramage,The Ramage Law Group,https://www.texasspecialeducationattorney.com,972-562-9890,
Donna ISD,Kevin and Liz Shields,Shields Law,,,
Donna ISD,Elizabeth Angelone,"Cuddy Law Firm, P.L.L.C",,512-649-3191,Austin
Coppell ISD,Sharon Ramage,The Ramage Law Group,www.texasspecialeducationattorney.com,972-562-9890,Greater Dallas-Fort Worth area
Coppell ISD,Jennifer Swanson,"Swanson Law, PLLC",,,Katy
Coppell ISD,Elizabeth Angelone,"Cuddy Law Firm, P.L.L.C",,512-649-3191,Austin
Coppell ISD,Kevin and Liz Shields,Shields Law,,,
Coppell ISD,Roy Atwood,Atwood Gameros LLP,,,
Grapevine-Colleyville ISD,Roy Atwood,Atwood Gameros LLP,https://atwoodgameros.com/,,
Grapevine-Colleyville ISD,Sharon Ramage,The Ramage Law Group,www.texasspecialeducationattorney.com,972-562-9890,
Grapevine-Colleyville ISD,Kevin and Liz Shields,Shields Law,,,
Grapevine-Colleyville ISD,Elizabeth Angelone,"Cuddy Law Firm, P.L.L.C",,512-649-3191,Austin
San Angelo ISD,Sharon Ramage,Unknown,Unknown,Unknown,San Angelo
San Angelo ISD,Keith Altman,"The Law Office of Keith Altman, PLLC",Unknown,Unknown,Unknown
San Angelo ISD,Kevin and Liz Shields,Shields Law,Unknown,Unknown,"Houston, Katy, San Antonio"
San Angelo ISD,Goz Odediran,Odediran Law Firm,Unknown,Unknown,Unknown
Bastrop ISD,Kathryn Figeredo Fowler,Unknown,Unknown,Unknown,Georgetown
Bastrop ISD,Elizabeth Angelone,"Cuddy Law Firm, P.L.L.C",Unknown,512-649-3191,Austin
Bastrop ISD,Sharon Ramage,The Ramage Law Group,texasspecialeducationattorney.com,972-562-9890,Unknown
Bastrop ISD,Chris M. Dillon,Private Practice,Unknown,512-303-2889,Bastrop
Bastrop ISD,Roy Atwood,Atwood Gameros LLP,Unknown,Unknown,Unknown
Wichita Falls ISD,Sharon Ramage,The Ramage Law Group,https://www.texasspecialeducationattorney.com,(972) 562-9890,Texas (statewide)
Wichita Falls ISD,Kevin and Liz Shields,Shields Law,,,Texas (statewide)
Burleson ISD,Roy Atwood,Atwood Gameros LLP,https://www.atwoodgameros.com/,,
Burleson ISD,Sharon Ramage,The Ramage Law Group,www.texasspecialeducationattorney.com,(972) 562-9890,
Burleson ISD,Kevin and Liz Shields,Shields Law,,,
Burleson ISD,Elizabeth Angelone,"Cuddy Law Firm, P.L.L.C",,512-649-3191,Texas
Lake Travis ISD,Roy Atwood,Atwood Gameros LLP,https://www.atwoodgameros.com/,,
Lake Travis ISD,Sharon Ramage,The Ramage Law Group,www.texasspecialeducationattorney.com,972-562-9890,
Lake Travis ISD,Kevin and Liz Shields,Shields Law,,,
Lake Travis ISD,Elizabeth Angelone,"Cuddy Law Firm, P.L.L.C",,512-649-3191,Austin
Lake Travis ISD,Trevor Hall,"Powell Law Group, LLP",https://www.plg-law.com/,512-494-1177,Austin
East Central ISD,Jennifer Swanson,"Swanson Law, PLLC",,,Katy
East Central ISD,Kevin and Liz Shields,Shields Law,,,
East Central ISD,Sharon Ramage,Ramage Law Firm,,972-562-9890,Dallas-Fort Worth area
East Central ISD,Elizabeth Angelone,"Cuddy Law Firm, P.L.L.C",,512-649-3191,Austin
East Central ISD,Roy Atwood,Atwood Gameros LLP,,,
Del Valle ISD,Roy Atwood,Atwood Gameros LLP,https://www.atwoodgameros.com/,,
Del Valle ISD,Sharon Ramage,The Ramage Law Group,www.texasspecialeducationattorney.com,972-562-9890,
Del Valle ISD,Kevin and Liz Shields,Shields Law,,,
Del Valle ISD,Elizabeth Angelone,"Cuddy Law Firm, P.L.L.C",,512-649-3191,Austin
Clint ISD,Jennifer Swanson,"Swanson Law, PLLC",https://www.swansonlegal.com/,,Katy
Clint ISD,Elizabeth Angelone,"Cuddy Law Firm, P.L.L.C",https://www.cuddylawfirm.com/,512-649-3191,Austin
Clint ISD,Sharon Ramage,The Ramage Law Group,https://www.texasspecialeducationattorney.com,972-562-9890,Dallas-Fort Worth Area
Clint ISD,,Atwood Gameros LLP,https://www.atwoodgameros.com/,,
Sherman ISD,Sharon Ramage,The Ramage Law Group,http://www.texasspecialeducationattorney.com,(972) 562-9890,
Sherman ISD,Keith Altman,"The Law Office of Keith Altman, PLLC",,,
Sherman ISD,Kevin and Liz Shields,Shields Law,,,
Georgetown ISD,Kevin Shields,Shields Law Firm,,,
Georgetown ISD,Sharon Ramage,The Ramage Law Group,www.texasspecialeducationattorney.com,(972) 562-9890,
Montgomery ISD,Sharon Ramage,The Ramage Law Group,http://www.texasspecialeducationattorney.com,(972) 562-9890,Greater Dallas-Fort Worth area
Montgomery ISD,Taylor M. Montgomery,"Law Office of Taylor M. Montgomery, PLLC",,,
Montgomery ISD,,Tritico Law,,,Montgomery
Royse City ISD,Kevin and Liz Shields,Shields Law,https://www.shieldslawfirm.com/,,
Royse City ISD,Sharon Ramage,The Ramage Law Group,https://www.texasspecialeducationattorney.com,972-562-9890,Greater Dallas-Fort Worth area
Royse City ISD,Goz Odediran,Odediran Law Firm,,,
Royse City ISD,Roy Atwood,Atwood Gameros LLP,,,North Texas
Rio Grande City Grulla ISD,Jennifer Swanson,"Swanson Law, PLLC",https://www.swansonlegal.com/,,Katy
Rio Grande City Grulla ISD,Kevin and Liz Shields,Shields Law,,,
Rio Grande City Grulla ISD,Sharon Ramage,The Ramage Law Group,www.texasspecialeducationattorney.com,(972) 562-9890,
Rio Grande City Grulla ISD,Elizabeth Angelone,"Cuddy Law Firm, P.L.L.C",,512-649-3191,Austin
Waller ISD,Greg Fell,The Fell Law Firm,unavailable,469-765-3304,Dallas-Fort Worth
Waller ISD,Sharon Ramage,"Sharon Ramage, Attorney at Law",unavailable,972-562-9890,Greater Dallas-Fort Worth
Waller ISD,Goz Odediran,Odediran Law Firm,unavailable,unavailable,unavailable
Waller ISD,Kevin and Liz Shields,Shields Law Firm,unavailable,unavailable,unavailable
Little Elm ISD,Jordan McKnight,Law Office of Jordan McKnight,,,
Little Elm ISD,Roy Atwood,Atwood Gameros LLP,https://www.atwoodgameros.com/,,
Little Elm ISD,Sharon Ramage,The Ramage Law Group,www.texasspecialeducationattorney.com,972-562-9890,
Little Elm ISD,Elizabeth Angelone,"Cuddy Law Firm, P.L.L.C",,512-649-3191,Austin
Little Elm ISD,Kevin and Liz Shields,Shields Law,,,
Midway ISD,Christie Ryan,Ryan Law PLLC,,,Waco
Midway ISD,Kevin and Liz Shields,Shields Law,,,
Midway ISD,Sharon Ramage,The Ramage Law Group,www.texasspecialeducationattorney.com,972-562-9890,Greater Dallas-Fort Worth area
Temple ISD,Keith Altman,"The Law Office of Keith Altman, PLLC",,,Temple
Temple ISD,Kevin and Liz Shields,Shields Law,https://www.shieldslawtexas.com/,,
Temple ISD,Sharon Ramage,The Ramage Law Group,https://www.texasspecialeducationattorney.com,972-562-9890,
Temple ISD,Jennifer Swanson,"Swanson Law, PLLC",,,Katy
San Marcos CISD,Sharon Ramage,The Ramage Law Group,https://www.texasspecialeducationattorney.com,972-562-9890,Greater Dallas-Fort Worth area
San Marcos CISD,Kevin Shields,Shields Law,https://www.shieldslaw.net/,,Texas (statewide)
Longview ISD,Sharon Ramage,Ramage Law Firm,,972-562-9890,Greater Dallas-Fort Worth area
Longview ISD,Kevin and Liz Shields,Shields Law,,,
Longview ISD,Goz Odediran,Odediran Law Firm,,,
Eanes ISD,Sharon Ramage,The Ramage Law Group,www.texasspecialeducationattorney.com,972-562-9890,Not found
Eanes ISD,Roy Atwood,Atwood Gameros LLP,Not found,Not found,Not found
Eanes ISD,Goz Odediran,Odediran Law Firm,Not found,Not found,Not found
Eanes ISD,Kevin and Liz Shields,Shields Law,Not found,Not found,Not found
Seguin ISD,Roy Atwood,Atwood Gameros LLP,https://www.atwoodgameros.com/,,
Seguin ISD,Sharon Ramage,The Ramage Law Group,www.texasspecialeducationattorney.com,972-562-9890,
Seguin ISD,Attorney Swanson,"Swanson Law, PLLC",,,Katy
Seguin ISD,Kevin and Liz Shields,Shields Law,,,
Seguin ISD,Elizabeth Angelone,"Cuddy Law Firm, P.L.L.C",,512-649-3191,Austin
Texarkana ISD,Sharon Ramage,,,,Texarkana
Texarkana ISD,,"The Law Office of Keith Altman, PLLC",,,Texarkana
Texarkana ISD,,Boyadzhyan Law Firm,,,Texarkana
Copperas Cove ISD,Sharon Ramage,Ramage Law Firm,https://vertexaisearch.cloud.google.com/grounding-api-redirect/AUZIYQGh1fbD8SSbetl50Qv0SYRhjw5t34_PyCr1eB85d4lMFPq73hFpZXcv-6UswlZPSHf-82XhpT2mrjjf-8yvot0k8t9hdtNMiz1o1u_lJp2gYF4zJ3TO0ZptMYvToTJbEkJLLawQyw==,972-562-9890,Greater Dallas-Fort Worth area
Copperas Cove ISD,Kevin and Liz Shields,Shields Law,https://vertexaisearch.cloud.google.com/grounding-api-redirect/AUZIYQHIf_muH3n7BqqI_CYV37w4R3BpETp2CfBk5Ykp3PbOQa3nw0BiXgF8DB1TfmQKoh1pTECMm4Mz_LChAU5C7dTBfhjA2KZBEaS96BcOarc-6On7mQ==,,
Copperas Cove ISD,Jennifer Swanson,"Swanson Law, PLLC",https://vertexaisearch.cloud.google.com/grounding-api-redirect/AUZIYQFW0nt2a_PnZQSgAJZ3qNxBF-ETzTrN_IM_a0_6f83FiLzdBDM62ZdkjWJwVZgYLsZfZrHmRqkz_gAah2K_hVSm89i2QSRZFAh4tgLX5Vox-IwV5Uuqeexy8j7NHu9kbhQPF1eaCY_4WFieze5EbG0EvyvR0rI=,,Katy
Copperas Cove ISD,Elizabeth Angelone,"Cuddy Law Firm, P.L.L.C",https://vertexaisearch.cloud.google.com/grounding-api-redirect/AUZIYQH9WYYBAUvRiQl6c8wVe1rd28r0GpBAO6HKr5P5edX2buqKaBtVQqcb0vOjNHDnxpUV6uo2VWlQXbWhWn3pNRKnyIoas0xFNYvhp7PPa2nz9A_j9Vfs5gl1Whm6nesSTxWc1Zcxehd94cErxO7fNqLlM1Tjx7RXEQ==,512-649-3191,Austin
Copperas Cove ISD,Roy Atwood,Atwood Gameros LLP,https://vertexaisearch.cloud.google.com/grounding-api-redirect/AUZIYQGdDGpmHy2hLyugNUvk_cTp-wJHSxDs1nJ-oVQ4Duc3UJ6oK4vHIVdPxjkEj99AKcrlYP0adYxBDSnrwagvtu2xcFIzsNJVbh-lcq5zFdWcPs4mU4FoNWvFIdcu1GElnpvyleFm3_gF0Xr9rGB9xA==,,
Crosby ISD,Jennifer Swanson,"Swanson Law, PLLC",https://www.swansonlegal.com/,,Katy
Crosby ISD,Elizabeth Angelone,"Cuddy Law Firm, P.L.L.C",https://www.cuddylawfirm.com/,512-649-3191,Austin
Crosby ISD,Sharon Ramage,The Ramage Law Group,https://www.texasspecialeducationattorney.com,972-562-9890,Dallas-Fort Worth Area
Crosby ISD,Kevin and Liz Shields,Shields Law,,,
Crosby ISD,Roy Atwood,Atwood Gameros LLP,,,
Princeton ISD,Roy Atwood,Atwood Gameros LLP,https://www.atwoodgameros.com/,,
Princeton ISD,Kevin and Liz Shields,Shields Law,,,
Princeton ISD,Jennifer Swanson,"Swanson Law, PLLC",,,Katy
Princeton ISD,Sharon Ramage,The Ramage Law Group,www.texasspecialeducationattorney.com,(972) 562-9890,
Princeton ISD,,"Cirkiel Law Group, P.C.",https://cirkielaw.com,(512) 244-6658,Austin
Melissa ISD,Kevin and Liz Shields,Shields Law,unavailable,unavailable,unavailable
Melissa ISD,Sharon Ramage,The Ramage Law Group,www.texasspecialeducationattorney.com,972-562-9890,McKinney
Melissa ISD,Roy Atwood,Atwood Gameros LLP,unavailable,unavailable,unavailable
Friendswood ISD,Michael P. O'Dell,Unknown,Unknown,Unknown,Unknown
Friendswood ISD,Amy Tucker,"Rogers, Morris & Grover",Unknown,Unknown,Unknown
Channelview ISD,Sharon Ramage,The Ramage Law Group,http://www.texasspecialeducationattorney.com,972-562-9890,Greater Dallas-Fort Worth area
Channelview ISD,Kevin and Liz Shields,Shields Law,https://www.shieldslawfirm.com/,,Texas
Channelview ISD,Goz Odediran,Odediran Law Firm,,,Texas
Victoria ISD,Roy Atwood,Atwood Gameros LLP,,,
Victoria ISD,Keith Altman,"The Law Office of Keith Altman, PLLC",,,
Victoria ISD,Goz Odediran,Odediran Law Firm,,,Austin
Waco ISD,Angela Tekell,"The Law Offices of Tekell & Tekell, L.L.P.",unavailable,unavailable,Waco
Beaumont ISD,Sharon Ramage,The Ramage Law Group,http://www.texasspecialeducationattorney.com,(972) 562-9890,Texas (statewide)
Beaumont ISD,Kevin and Liz Shields,Shields Law,,,"Houston, Katy, San Antonio"
Beaumont ISD,Keith Altman,"The Law Office of Keith Altman, PLLC",,,Beaumont
Beaumont ISD,Goz Odediran,Odediran Law Firm,,,Texas (statewide)
Tyler ISD,Devin Fletcher,Cuddy Law Firm,,,
Tyler ISD,Meera Krishnan,Cuddy Law Firm,,,
Tyler ISD,Keith Altman,"The Law Office of Keith Altman, PLLC",,,Tyler
Tyler ISD,Kevin Shields,Shields Law,https://www.shieldslawtexas.com/,,"Houston, Katy, San Antonio"
Tyler ISD,Liz Shields,Shields Law,https://www.shieldslawtexas.com/,,"Houston, Katy, San Antonio"
Santa Fe ISD,Sharon Ramage,Ramage Law Group,https://vertexaisearch.cloud.google.com/grounding-api-redirect/AUZIYQHdQrA3ekFHF2_kXsEFjt7LxOabvcw2PVdC4opuXx4QNEB46_SW5YA3Mk0jUs_jLbpiStf6qRRS1pg0a3X54VeL_QP_g4p1q56cbe_mDyNjafeRUvCtZtsM3NieJzisElGXd34l,972-562-9890,Greater Dallas-Fort Worth area
Santa Fe ISD,Kevin and Liz Shields,Shields Law,https://vertexaisearch.cloud.google.com/grounding-api-redirect/AUZIYQHv20vBtgdd6653pCiJGla1UfG1cpY9QZeC9YCfCncppuStbo_3ai66dtkJ0yk8gwcl5rxj_HfehzB8y-BNo6_s8Nh7lwFCr0bMdvnmwlknIr4T,Not found,"Statewide, Texas"
Santa Fe ISD,Greg Fell,The Fell Law Firm,https://vertexaisearch.cloud.google.com/grounding-api-redirect/AUZIYQGe0ZpBoZasNLcVgD4T18YtjvreQ6n9r1bUMHf8QdxvESSlnkhV3IJK30Bn_Zr018CNhPVYKUGxSv_y5epAXv_V7t4lTO9IYqVvVfOPzhSOv1_TJJXJUe9ILb__,469-765-3304,Dallas-Fort Worth
Santa Fe ISD,Jennifer Swanson,"Swanson Law, PLLC",https://vertexaisearch.cloud.google.com/grounding-api-redirect/AUZIYQEUPoMCAFb4rIf6fSoXyMeUMxH2-NoblBVKk36GzrwUxNLhSLql35gZ4zaP9EToBQYeDmrIMCFmQ7db-Z7xilmzVCAy5Hi7koXeAmDOyfHhs13HxvGCeGoMPRSBE0SuTThzpdK_UY3HI6HYnhuk6IqKPHi9wA==,Not found,"Katy, Texas"
Grand Prairie ISD,Mary Nix,Unknown,Unknown,Unknown,Unknown
