district,city,resource_name,url,desc,type
Houston ISD,Houston,The Arc of Greater Houston,https://www.thearcofgreaterhouston.org/,Advocacy and support for people with intellectual and developmental disabilities and their families.,local
Houston ISD,Houston,Disability Rights Texas,https://www.disabilityrightstx.org/,"Protection and advocacy agency for Texans with disabilities, offering legal support.",local
Houston ISD,Houston,Houston Special Education Parent Advisory Committee (SEPAC),https://www.houstonisd.org/Page/182543,Advisory group providing input to Houston ISD on special education programs and services.,local
Houston ISD,Houston,Children's Health Insurance Program (CHIP) - Texas,https://www.hhs.texas.gov/services/health/childrens-health-insurance-program-chip,"Low-cost health coverage for children in Texas, including those with special needs.",local
Dallas ISD,Dallas,The Arc of Dallas,https://thearcoftexas.org/chapter/the-arc-of-dallas/,Advocacy and support for individuals with intellectual and developmental disabilities.,local
Dallas ISD,Dallas,Dallas ISD Special Education Department,https://www.dallasisd.org/sped,Information and resources for special education services within Dallas ISD.,local
Dallas ISD,Dallas,Disability Rights Texas,https://www.disabilityrightstx.org/,"Protection and advocacy agency for Texans with disabilities, including legal support.",local
Cypress-Fairbanks ISD,Houston,The Arc of Greater Houston,https://www.thearcofgreaterhouston.org/,Advocates for and supports individuals with intellectual and developmental disabilities and their families.,local
Cypress-Fairbanks ISD,Houston,Disability Rights Texas,https://www.disabilityrightstx.org/,"Protection and advocacy agency for people with disabilities, offering legal support and resources.",local
Cypress-Fairbanks ISD,Houston,Cypress Assistance Ministries (CAM),https://www.cypressassistance.org/,"Provides resources and support to families in the Cy-Fair area, including those with special needs.",local
Northside ISD,San Antonio,Northside ISD Special Education Department,https://www.nisd.net/academics/special-education,"Provides information, resources, and support for special education within the district.",local
Northside ISD,San Antonio,The Arc of San Antonio,https://arc-sa.org/,"Offers support, advocacy, and resources for individuals with intellectual and developmental disabilities.",local
Northside ISD,San Antonio,Disability Rights Texas,https://www.disabilityrightstx.org/,"Protection and advocacy agency for Texans with disabilities, offering legal support.",local
Katy ISD,Katy,Katy ISD Special Education Department,https://www.katyisd.org/Page/198,"Provides information, resources, and support for special education within Katy ISD.",local
Katy ISD,Katy,The Arc of Katy,https://thearcofkaty.org/,Offers programs and services for individuals with intellectual and developmental disabilities.,local
Katy ISD,Katy,Katy Parent Support Group - Special Needs,https://www.facebook.com/groups/1427821697453679/,A Facebook group for parents of children with special needs in the Katy area.,local
Fort Bend ISD,Sugar Land,Fort Bend ISD Special Education Department,https://www.fortbendisd.com/department/special-education,Provides information and resources for special education services within Fort Bend ISD.,local
Fort Bend ISD,Sugar Land,The Arc of Fort Bend County,https://www.arcoffortbend.org/,Advocates for and supports individuals with intellectual and developmental disabilities and their families.,local
Fort Bend ISD,Sugar Land,NAMI Greater Houston,https://namigreaterhouston.org/,Offers support groups and education programs for families affected by mental illness.,local
IDEA Public Schools,Weslaco,Region One Education Service Center,https://www.esc1.net/,"Provides support and resources to schools and families in South Texas, including special education.",local
IDEA Public Schools,Weslaco,Disability Rights Texas,https://www.disabilityrightstx.org/,"Offers legal advocacy and rights protection for Texans with disabilities, including special education issues.",local
IDEA Public Schools,Weslaco,The Arc of Texas,https://www.thearcoftexas.org/,Advocates for the rights and full participation of people with intellectual and developmental disabilities.,local
Conroe ISD,Conroe,Montgomery County MHMR Authority,https://www.mhmramontgomery.org/,Provides mental health and intellectual/developmental disability services to Montgomery County residents.,local
Conroe ISD,Conroe,The Arc of Greater Houston,https://www.thearcofgreaterhouston.org/,Advocates for and supports individuals with intellectual and developmental disabilities and their families.,local
Conroe ISD,Conroe,Disability Rights Texas,https://www.disabilityrightstx.org/,"Protection and advocacy agency for Texans with disabilities, offering legal support and resources.",local
Austin ISD,Austin,The Arc of the Capital Area,https://www.arcaustin.org/,"Provides support, advocacy, and resources for individuals with intellectual and developmental disabilities and their families.",local
Austin ISD,Austin,Austin ISD Special Education Parent Support,https://www.austinisd.org/special-education/parent-support,"Offers resources, training, and support groups for parents of students with disabilities in Austin ISD.",local
Austin ISD,Austin,Disability Rights Texas,https://www.disabilityrightstx.org/,"Provides legal advocacy and protection for Texans with disabilities, including special education issues.",local
Austin ISD,Austin,Texas Parent to Parent,https://www.txp2p.org/,"Connects parents of children with disabilities to provide support, information, and resources.",local
Fort Worth ISD,Fort Worth,The Arc of Fort Worth,https://www.thearcftworth.org/,Advocates for and supports individuals with intellectual and developmental disabilities and their families.,local
Fort Worth ISD,Fort Worth,United Community Centers,https://www.unitedcommunitycenters.org/,"Offers programs for children and adults with disabilities, promoting independence and inclusion.",local
Fort Worth ISD,Fort Worth,ACH Child and Family Services,https://www.achservices.org/,"Provides mental health services and support for children and families, including those with special needs.",local
Frisco ISD,Frisco,Frisco ISD Special Education Department,https://www.friscoisd.org/departments/special-education,"Provides information, resources, and support for special education within Frisco ISD.",local
Frisco ISD,Frisco,The Arc of Dallas,https://thearcoftexas.org/chapter/the-arc-of-dallas/,Advocates for and supports individuals with intellectual and developmental disabilities and their families.,local
Frisco ISD,Frisco,Texas Parent to Parent,https://www.txp2p.org/,"Provides support, information, and resources to parents of children with disabilities.",local
Aldine ISD,Houston,The Arc of Greater Houston,https://www.thearcofgreaterhouston.org/,"Provides support, advocacy, and resources for people with intellectual and developmental disabilities.",local
Aldine ISD,Houston,Disability Rights Texas,https://www.disabilityrightstx.org/,"Offers legal advocacy and rights protection for Texans with disabilities, including special education support.",local
Aldine ISD,Houston,Aldine ISD Special Education Department,https://www.aldineisd.org/departments/special-education/,Provides information and resources regarding special education services within Aldine ISD.,local
Aldine ISD,Houston,Partners Resource Network (PATH Project),https://prntexas.org/,Empowers parents of children with disabilities to be effective advocates for their children.,local
North East ISD,San Antonio,The Arc of San Antonio,https://www.arc-sa.org/,Provides support and advocacy for individuals with intellectual and developmental disabilities and their families.,local
North East ISD,San Antonio,Autism Society of San Antonio,https://www.autismsa.org/,"Offers resources, support groups, and advocacy for individuals with autism and their families.",local
North East ISD,San Antonio,Disability Rights Texas,https://www.disabilityrightstx.org/,"Protection and advocacy agency for people with disabilities, offering legal support and information.",local
North East ISD,San Antonio,North East ISD Special Education Department,https://www.neisd.net/Page/303,Provides information and resources about special education services within the North East ISD.,local
Arlington ISD,Arlington,The Arc of Texas,https://www.thearcoftexas.org/,Advocates for Texans with intellectual and developmental disabilities and their families.,local
Arlington ISD,Arlington,Disability Rights Texas,https://www.disabilityrightstx.org/,Protection and advocacy agency for people with disabilities in Texas.,local
Arlington ISD,Arlington,Texas Parent to Parent,https://www.txp2p.org/,Connects parents of children with disabilities to support and information.,local
Klein ISD,Klein,The Arc of Greater Houston,https://www.thearcofgreaterhouston.org/,"Advocacy, programs, and support for people with intellectual and developmental disabilities.",local
Klein ISD,Klein,Klein ISD Special Education Department,https://kleinisd.net/departments/special_education,Information and resources regarding special education services within Klein ISD.,local
Klein ISD,Klein,Harris County Public Health,https://publichealth.harriscountytx.gov/,Offers various health services and resources that may benefit children with special needs.,local
Garland ISD,Garland,Garland ISD Special Education Department,https://www.garlandisd.net/department/special-education,Provides information and resources for special education services within Garland ISD.,local
Garland ISD,Garland,The Arc of Greater Dallas,https://thearcofgreaterdallas.org/,Advocates for and supports individuals with intellectual and developmental disabilities and their families.,local
Garland ISD,Garland,Texas Parent to Parent,https://www.txp2p.org/,"Connects parents of children with disabilities to support, information, and resources.",local
El Paso ISD,El Paso,El Paso Center for Children,https://epccinc.org/,"Provides services for children and families, including those with special needs.",local
El Paso ISD,El Paso,Disability Rights Texas - El Paso Office,https://www.disabilityrightstx.org/,"Protection and advocacy agency for Texans with disabilities, including legal support.",local
El Paso ISD,El Paso,Region 19 Head Start,https://www.esc19.net/page/headstart.index,"Early childhood education program serving income-eligible families, including children with disabilities.",local
Lewisville ISD,Lewisville,Lewisville ISD Special Education Department,https://www.lisd.net/Page/54,Provides information and resources for special education services within the district.,local
Lewisville ISD,Lewisville,Denton County MHMR Services,https://www.dentoncounty.gov/1644/MHMR-Services,Offers mental health and intellectual/developmental disability services to Denton County residents.,local
Lewisville ISD,Lewisville,The Arc of Denton County,https://www.arcdenton.org/,Advocates for and supports individuals with intellectual and developmental disabilities.,local
Plano ISD,Plano,The Arc of Texas,https://www.thearcoftexas.org/,Advocates for Texans with intellectual and developmental disabilities and their families.,local
Plano ISD,Plano,Disability Rights Texas,https://www.disabilityrightstx.org/,Protection and advocacy agency for people with disabilities in Texas.,local
Plano ISD,Plano,Plano ISD Special Education Department,https://www.pisd.edu/specialeducation,Information and resources regarding special education services within Plano ISD.,local
Pasadena ISD,Pasadena,The Arc of Greater Houston,https://www.thearcofgreaterhouston.org/,Advocates for and supports individuals with intellectual and developmental disabilities and their families.,local
Pasadena ISD,Pasadena,Harris County Department of Education,https://hcde-texas.org/,Provides educational services and resources to schools and families in Harris County.,local
Pasadena ISD,Pasadena,Texas Parent to Parent,https://www.txp2p.org/,"Connects parents of children with disabilities to information, resources, and support.",local
Humble ISD,Humble,Humble ISD Special Education Department,https://www.humbleisd.net/department/specialed,Provides information and resources for special education services within Humble ISD.,local
Humble ISD,Humble,The Arc of Greater Houston,https://www.thearcofgreaterhouston.org/,Advocates for and supports individuals with intellectual and developmental disabilities and their families.,local
Humble ISD,Humble,Harris County Public Health,https://publichealth.harriscountytx.gov/,Offers various health services and resources that may benefit children with special needs.,local
Socorro ISD,El Paso,Disability Rights Texas - El Paso Office,https://www.disabilityrightstx.org/,"Protection and advocacy agency for Texans with disabilities, including legal support.",local
Socorro ISD,El Paso,Region 19 Head Start,https://www.esc19.net/headstart,"Provides early childhood education and family support services, including for children with disabilities.",local
Socorro ISD,El Paso,El Paso Center for Children,https://epccinc.org/,"Offers various programs for children and families, including services for those with special needs.",local
Round Rock ISD,Round Rock,Round Rock ISD Special Education Department,https://www.roundrockisd.org/department/special-education/,RRISD's Special Education Department provides resources and support for students with disabilities.,local
Round Rock ISD,Round Rock,Williamson County Mental Health Services,https://www.wilco.org/departments/health-services/behavioral-health-services,"Offers mental health services and resources to Williamson County residents, including children.",local
Round Rock ISD,Round Rock,The Arc of the Capital Area,https://www.arcaustin.org/,Advocates for and supports individuals with intellectual and developmental disabilities and their families.,local
San Antonio ISD,San Antonio,San Antonio ISD Special Education Department,https://www.saisd.net/page/sped-home,SAISD provides special education services and resources for students with disabilities.,local
San Antonio ISD,San Antonio,The Arc of San Antonio,https://arc-sa.org/,The Arc promotes and protects the rights of people with intellectual and developmental disabilities.,local
San Antonio ISD,San Antonio,Disability Rights Texas,https://www.disabilityrightstx.org/,"DRTx provides legal advocacy for Texans with disabilities, including special education support.",local
Killeen ISD,Killeen,Disability Rights Texas,https://www.disabilityrightstx.org/,"Provides legal advocacy and rights protection for Texans with disabilities, including special education support.",local
Killeen ISD,Killeen,Education Service Center Region 12,https://www.esc12.net/,Offers resources and training for educators and families of students with disabilities in Central Texas.,local
Killeen ISD,Killeen,Texas Parent to Parent,https://www.txp2p.org/,"Connects parents of children with disabilities for support, information, and resources statewide.",local
Lamar CISD,Rosenberg,Lamar CISD Special Education Department,https://www.lcisd.org/departments/special-education,Provides information and resources for special education services within Lamar CISD.,local
Lamar CISD,Rosenberg,The Arc of Fort Bend County,https://www.arcoffortbend.org/,Advocates for and supports individuals with intellectual and developmental disabilities and their families.,local
Lamar CISD,Rosenberg,Texas Parent to Parent,https://www.txp2p.org/,"Connects parents of children with disabilities to information, resources, and support networks.",local
United ISD,Laredo,Region One Education Service Center,https://www.esc1.net/,"Provides support and resources for special education programs in Region One, including Laredo.",local
United ISD,Laredo,Laredo Health Department,https://www.cityoflaredo.com/health/,Offers various health services that may benefit children with special needs and their families.,local
United ISD,Laredo,Disability Rights Texas,https://www.disabilityrightstx.org/,"Protection and advocacy agency for Texans with disabilities, including legal support.",local
Alief ISD,Houston,The Arc of Greater Houston,https://www.thearcofgreaterhouston.org/,Advocacy and support for people with intellectual and developmental disabilities and their families.,local
Alief ISD,Houston,Disability Rights Texas,https://www.disabilityrightstx.org/,"Protection and advocacy agency for Texans with disabilities, including legal support.",local
Alief ISD,Houston,Autism Society of Texas,https://www.texasautismsociety.org/,"Provides resources, support, and advocacy for individuals with autism and their families.",local
Alief ISD,Houston,Alief ISD Special Education Department,https://www.aliefisd.net/Page/2127,Information and resources regarding special education services within Alief ISD.,local
Mansfield ISD,Mansfield,The Arc of Fort Worth,https://www.thearcftworth.org/,Advocates for and supports individuals with intellectual and developmental disabilities and their families.,local
Mansfield ISD,Mansfield,MHMR of Tarrant County,https://www.mhmrtc.org/,"Provides services for behavioral health, intellectual disabilities, and substance use in Tarrant County.",local
Mansfield ISD,Mansfield,United Way of Tarrant County - 211,https://www.unitedwaytarrant.org/2-1-1/,Connects individuals and families to health and human service programs in Tarrant County.,local
Ysleta ISD,El Paso,The Arc of El Paso,https://thearcofelpaso.org/,Advocacy and support for individuals with intellectual and developmental disabilities and their families.,local
Ysleta ISD,El Paso,Disability Rights Texas - El Paso Office,https://www.disabilityrightstx.org/,"Protection and advocacy agency for Texans with disabilities, including legal support.",local
Ysleta ISD,El Paso,El Paso Center for Children,https://epccinc.org/,"Provides services for children and families, including those with special needs.",local
Denton ISD,Denton,Denton ISD Special Education Department,https://www.dentonisd.org/Page/1346,Provides information and resources for special education services within Denton ISD.,local
Denton ISD,Denton,The Arc of Denton County,https://www.arcdenton.org/,Advocates for and supports individuals with intellectual and developmental disabilities and their families.,local
Denton ISD,Denton,Denton County MHMR Center,https://www.dentoncountymhmr.org/,Offers mental health and intellectual and developmental disability services to Denton County residents.,local
Ector County ISD,Odessa,Ector County ISD Special Education Department,https://www.ectorcountyisd.org/Page/131,Provides special education services and resources for students within the school district.,local
Ector County ISD,Odessa,Region 18 Education Service Center,https://www.esc18.net/,Offers support and training for educators and families of students with disabilities.,local
Ector County ISD,Odessa,Permian Basin Community Centers MHMR,https://www.pbhc2.org/,Provides mental health and intellectual/developmental disability services in the Permian Basin.,local
Spring ISD,Spring,The Arc of Greater Houston,https://www.thearcofgreaterhouston.org/,"Advocacy, programs, and support for people with intellectual and developmental disabilities and their families.",local
Spring ISD,Spring,Disability Rights Texas,https://www.disabilityrightstx.org/,"Protection and advocacy agency for Texans with disabilities, offering legal support and resources.",local
Spring ISD,Spring,Spring ISD Special Education Department,https://www.springisd.org/department/special-education/,Information and resources for special education services within the Spring Independent School District.,local
Corpus Christi ISD,Corpus Christi,The Arc of the Coastal Bend,https://www.thearcofcc.org/,Advocacy and support for individuals with intellectual and developmental disabilities and their families.,local
Corpus Christi ISD,Corpus Christi,Disability Rights Texas,https://www.disabilityrightstx.org/,"Protection and advocacy agency for Texans with disabilities, offering legal support and resources.",local
Corpus Christi ISD,Corpus Christi,Region 2 Education Service Center,https://www.esc2.net/,"Provides support and resources to school districts, including special education services.",local
Keller ISD,Keller,The Arc of Fort Worth,https://www.thearcof Fort Worth.org/,Advocacy and support for individuals with intellectual and developmental disabilities and their families.,local
Keller ISD,Keller,Keller ISD Special Education Department,https://www.kellerisd.net/Page/67,Information and resources related to special education services within Keller Independent School District.,local
Keller ISD,Keller,Texas Parent to Parent,https://www.txp2p.org/,"Provides support, information, and resources to Texas families raising children with disabilities.",local
Prosper ISD,Prosper,The Arc of Texas,https://www.thearcoftexas.org/,Advocacy and resources for Texans with intellectual and developmental disabilities and their families.,local
Prosper ISD,Prosper,Texas Parent 2 Parent (TxP2P),https://www.txp2p.org/,"Connects parents of children with disabilities to information, resources, and peer support.",local
Prosper ISD,Prosper,Navigate Life Texas,https://www.navigatelifetexas.org/,Provides information and resources for families raising children with disabilities in Texas.,local
Pharr-San Juan-Alamo ISD,Pharr,Region One Education Service Center,https://www.esc1.net/,Provides support and resources to educators and families of students with disabilities.,local
Pharr-San Juan-Alamo ISD,Pharr,Disability Rights Texas,https://www.disabilityrightstx.org/,"Protection and advocacy agency for people with disabilities, offering legal support.",local
Pharr-San Juan-Alamo ISD,Pharr,The Arc of the Rio Grande Valley,https://www.thearcrgv.org/,Advocates for the rights and full participation of people with intellectual and developmental disabilities.,local
Amarillo ISD,Amarillo,Amarillo ISD Special Education Department,https://www.amaisd.org/departments/special-education,Provides special education services and resources for students within Amarillo ISD.,local
Amarillo ISD,Amarillo,Region 16 Education Service Center,https://www.esc16.net/,Offers training and support for educators and families of students with disabilities.,local
Amarillo ISD,Amarillo,Disability Rights Texas,https://www.disabilityrightstx.org/,"Protection and advocacy agency for Texans with disabilities, including legal support.",local
Northwest ISD,Justin,The Arc of Denton County,https://www.arcdenton.org/,Advocacy and support for individuals with intellectual and developmental disabilities and their families.,local
Northwest ISD,Justin,Denton County MHMR,https://www.dentoncounty.gov/Government/Departments/MHMR,Provides mental health and intellectual/developmental disability services to Denton County residents.,local
Northwest ISD,Justin,Northwest ISD Special Education Department,https://www.nisdtx.org/departments/special-education,Information and resources for special education services within Northwest Independent School District.,local
Comal ISD,New Braunfels,Comal ISD Special Education Department,https://www.comalisd.org/departments/special-education,"Provides information, resources, and support for students with disabilities within Comal ISD.",local
Comal ISD,New Braunfels,The Arc of San Antonio,https://arc-sa.org/,Offers support and advocacy for individuals with intellectual and developmental disabilities and their families.,local
Comal ISD,New Braunfels,Texas Parent to Parent,https://www.txp2p.org/,Connects parents of children with disabilities to resources and peer support networks statewide.,local
Edinburg CISD,Edinburg,Region One Education Service Center,https://www.esc1.net/,Provides support and resources to parents of students with disabilities in Region One.,local
Edinburg CISD,Edinburg,Disability Rights Texas,https://www.disabilityrightstx.org/,Offers legal advocacy and rights protection for Texans with disabilities.,local
Edinburg CISD,Edinburg,The Arc of the Rio Grande Valley,https://www.thearcrgv.org/,Advocates for the rights and full participation of people with intellectual and developmental disabilities.,local
Midland ISD,Midland,Region 18 Education Service Center,https://www.esc18.net/,Provides support and resources to parents of students with disabilities in Region 18.,local
Midland ISD,Midland,Midland County Health Department,https://www.co.midland.tx.us/161/Health-Department,Offers various health services that may benefit children with special needs.,local
Midland ISD,Midland,Disability Rights Texas,https://www.disabilityrightstx.org/,"Protection and advocacy agency for Texans with disabilities, including legal support.",local
Mesquite ISD,Mesquite,The Arc of Dallas,https://thearcoftexas.org/chapter/the-arc-of-dallas/,Advocacy and support for people with intellectual and developmental disabilities and their families.,local
Mesquite ISD,Mesquite,Mesquite ISD Special Education Department,https://www.mesquiteisd.org/departments/department-of-special-education,Information and resources regarding special education services within Mesquite ISD.,local
Mesquite ISD,Mesquite,Texas Parent 2 Parent,https://www.txp2p.org/,"Provides support, information, and resources to parents of children with disabilities.",local
Richardson ISD,Richardson,The Arc of Texas,https://www.thearcoftexas.org/,Advocates for Texans with intellectual and developmental disabilities and their families.,local
Richardson ISD,Richardson,Disability Rights Texas,https://www.disabilityrightstx.org/,Protection and advocacy agency for people with disabilities in Texas.,local
Richardson ISD,Richardson,Navigate Life Texas,https://www.navigatelifetexas.org/,Texas resource for families raising children with disabilities and special health care needs.,local
Leander ISD,Leander,Williamson County Mental Health Services,https://www.wilco.org/departments/health-services/mental-health-services,"Provides mental health services and resources to Williamson County residents, including those in Leander.",local
Leander ISD,Leander,The Arc of the Capital Area,https://www.arcaustin.org/,Advocates for and supports individuals with intellectual and developmental disabilities and their families.,local
Leander ISD,Leander,Leander ISD Special Education Department,https://www.leanderisd.org/department/special_education/,Provides information and resources related to special education services within Leander ISD.,local
Grand Prairie ISD,Grand Prairie,The Arc of Grand Prairie,https://www.thearcgp.org/,Advocates for and supports individuals with intellectual and developmental disabilities and their families.,local
Grand Prairie ISD,Grand Prairie,GPISD Special Education Department,https://www.gpisd.org/Page/123,Provides information and resources regarding special education services within Grand Prairie ISD.,local
Grand Prairie ISD,Grand Prairie,DADS - Disability Rights Texas,https://www.disabilityrightstx.org/,Protection and advocacy agency for people with disabilities in Texas.,local
Carrollton-Farmers Branch ISD,Carrollton,The Arc of Dallas,https://thearcofdallas.org/,Advocacy and support for individuals with intellectual and developmental disabilities and their families.,local
Carrollton-Farmers Branch ISD,Carrollton,Disability Rights Texas,https://www.disabilityrightstx.org/,"Protection and advocacy agency for Texans with disabilities, offering legal support and resources.",local
Carrollton-Farmers Branch ISD,Carrollton,Navigate Life Texas,https://www.navigatelifetexas.org/,Texas resource providing information and support for families raising children with disabilities.,local
Lubbock ISD,Lubbock,Region 17 Education Service Center,https://www.esc17.net/,"Provides support and resources for special education programs in the region, including Lubbock.",local
Lubbock ISD,Lubbock,Lubbock Independent School District Special Education,https://www.lubbockisd.org/Page/138,Lubbock ISD's special education department provides information and resources for parents.,local
Lubbock ISD,Lubbock,Texas Parent to Parent,https://www.txp2p.org/,"Offers support, information, and resources to parents of children with disabilities statewide.",local
La Joya ISD,La Joya,Region One Education Service Center,https://www.esc1.net/,"Provides support and resources to schools and families in the Region One area, including La Joya ISD.",local
La Joya ISD,La Joya,Disability Rights Texas,https://www.disabilityrightstx.org/,"Offers legal advocacy and support for Texans with disabilities, including special education issues.",local
La Joya ISD,La Joya,The Arc of Texas,https://www.thearcoftexas.org/,Advocates for the rights and full participation of people with intellectual and developmental disabilities.,local
Eagle Mountain-Saginaw ISD,Fort Worth,The Arc of Fort Worth,https://www.thearcoftexas.org/find-a-chapter/the-arc-of-fort-worth/,Advocates for and supports individuals with intellectual and developmental disabilities and their families.,local
Eagle Mountain-Saginaw ISD,Fort Worth,ACH Child and Family Services,https://www.achservices.org/,"Provides various services including foster care, adoption, and counseling for children and families.",local
Eagle Mountain-Saginaw ISD,Fort Worth,MHMR of Tarrant County,https://www.mhmrtc.org/,Offers mental health and intellectual and developmental disability services to Tarrant County residents.,local
McKinney ISD,McKinney,The Arc of Dallas,https://thearcoftexas.org/chapter/the-arc-of-dallas/,Advocacy and support for people with intellectual and developmental disabilities and their families.,local
McKinney ISD,McKinney,McKinney ISD Special Education Department,https://www.mckinneyisd.net/student-services/special-education/,Information and resources regarding special education services within McKinney ISD.,local
McKinney ISD,McKinney,Texas Parent to Parent,https://www.txp2p.org/,"Provides support, information, and resources to parents of children with disabilities.",local
Birdville ISD,Haltom City,The Arc of Fort Worth,https://www.thearcof Fort Worth.org/,Advocacy and support for individuals with intellectual and developmental disabilities and their families.,local
Birdville ISD,Haltom City,Birdville ISD Special Education Department,https://www.birdvilleschools.net/Page/179,Information and resources regarding special education services within Birdville ISD.,local
Birdville ISD,Haltom City,Texas Parent to Parent,https://www.txp2p.org/,"Connects parents of children with disabilities to support, information, and resources.",local
Alvin ISD,Alvin,The Arc of Brazoria County,https://arcbrazoriacounty.org/,Advocates for and supports individuals with intellectual and developmental disabilities and their families.,local
Alvin ISD,Alvin,Alvin ISD Special Education Department,https://www.alvinisd.net/department/specialed,Provides information and resources regarding special education services within Alvin ISD.,local
Alvin ISD,Alvin,Texas Parent to Parent,https://www.txp2p.org/,"Connects parents of children with disabilities to support, information, and resources.",local
Spring Branch ISD,Houston,The Arc of Greater Houston,https://www.thearcofgreaterhouston.org/,Advocacy and support for people with intellectual and developmental disabilities and their families.,local
Spring Branch ISD,Houston,Disability Rights Texas,https://www.disabilityrightstx.org/,"Protection and advocacy agency for Texans with disabilities, including legal support.",local
Spring Branch ISD,Houston,Spring Branch ISD Special Education Department,https://www.springbranchisd.com/departments/special-education,Information and resources for special education services within Spring Branch ISD.,local
Spring Branch ISD,Houston,Autism Society of Texas,https://www.texasautismsociety.org/,"Provides resources, support, and advocacy for individuals with autism and their families.",local
Clear Creek ISD,League City,Clear Creek ISD Special Education Department,https://www.ccisd.net/departments/special_education,Provides information and resources for special education services within Clear Creek ISD.,local
Clear Creek ISD,League City,The Arc of the Gulf Coast,https://www.arcgc.org/,Advocates for and supports individuals with intellectual and developmental disabilities and their families.,local
Clear Creek ISD,League City,Texas Parent to Parent,https://www.txp2p.org/,"Connects parents of children with disabilities to information, resources, and support networks.",local
Tyler ISD,Tyler,The Arc of Smith County,https://thearcofsmithcounty.org/,Advocates for and supports individuals with intellectual and developmental disabilities and their families.,local
Tyler ISD,Tyler,Tyler ISD Special Education Department,https://www.tylerisd.org/Page/219,Provides information and resources regarding special education services within Tyler ISD.,local
Tyler ISD,Tyler,East Texas Crisis Center,https://etcc.org/,Offers counseling and advocacy for children and families affected by abuse or trauma.,local
Wylie ISD,Wylie,Wylie ISD Special Education Department,https://www.wylieisd.net/Page/143,"Provides information, resources, and support for special education services within Wylie ISD.",local
Wylie ISD,Wylie,The Arc of Texas,https://www.thearcoftexas.org/,Advocates for the rights and full participation of people with intellectual and developmental disabilities.,local
Wylie ISD,Wylie,Navigate Life Texas,https://www.navigatelifetexas.org/,Provides information and resources for families raising children with disabilities in Texas.,local
Tomball ISD,Tomball,The Arc of Greater Houston,https://www.thearcofgreaterhouston.org/,Advocacy and support for people with intellectual and developmental disabilities and their families.,local
Tomball ISD,Tomball,Tomball ISD Special Education Department,https://www.tomballisd.net/departments/special-education,Information and resources regarding special education services within Tomball ISD.,local
Tomball ISD,Tomball,Harris County Public Health,https://publichealth.harriscountytx.gov/,Offers various health services and resources that may benefit children with special needs.,local
Allen ISD,Allen,Allen ISD Special Education Department,https://www.allenisd.org/Page/135,Provides information and resources regarding special education services within Allen ISD.,local
Allen ISD,Allen,The Arc of Texas,https://www.thearcoftexas.org/,Advocates for the rights and full participation of people with intellectual and developmental disabilities.,local
Allen ISD,Allen,Disability Rights Texas,https://www.disabilityrightstx.org/,Provides legal advocacy and rights protection for Texans with disabilities.,local
Hurst-Euless-Bedford ISD,Bedford,The Arc of Texas,https://thearcoftexas.org/,Advocates for Texans with intellectual and developmental disabilities and their families.,local
Hurst-Euless-Bedford ISD,Bedford,Texas Parent 2 Parent,https://www.txp2p.org/,"Provides support, information, and resources to parents of children with disabilities.",local
Hurst-Euless-Bedford ISD,Bedford,Disability Rights Texas,https://www.disabilityrightstx.org/,The designated legal protection and advocacy agency for people with disabilities in Texas.,local
Goose Creek CISD,Baytown,The Arc of Greater Houston,https://www.thearcofgreaterhouston.org/,Advocates for and supports individuals with intellectual and developmental disabilities and their families.,local
Goose Creek CISD,Baytown,Harris County Public Health,https://publichealth.harriscountytx.gov/,"Provides public health services to Harris County residents, including those with special needs.",local
Goose Creek CISD,Baytown,Region 4 Education Service Center,https://www.esc4.net/,Offers resources and training for educators and families of students with disabilities.,local
Beaumont ISD,Beaumont,The Arc of Greater Beaumont,https://arcofbmt.org/,Advocates for and supports individuals with intellectual and developmental disabilities and their families.,local
Beaumont ISD,Beaumont,Region 5 Education Service Center,https://www.esc5.net/,"Provides special education support and resources to school districts in the region, including Beaumont ISD.",local
Beaumont ISD,Beaumont,Disability Rights Texas,https://www.disabilityrightstx.org/,"Protection and advocacy agency for people with disabilities, offering legal support and information.",local
Rockwall ISD,Rockwall,Rockwall County Helping Hands,https://rockwallhelpinghands.com/,Provides basic needs assistance and support services to Rockwall County residents.,local
Rockwall ISD,Rockwall,Rockwall ISD Special Education Department,https://www.rockwallisd.com/department/special_education,Information and resources for special education services within Rockwall ISD.,local
Rockwall ISD,Rockwall,The Arc of Texas,https://www.thearcoftexas.org/,Advocates for the rights and full participation of people with intellectual and developmental disabilities.,local
Harmony Public Schools (Combined),Houston,The Arc of Greater Houston,https://www.thearcofgreaterhouston.org/,Advocacy and support for people with intellectual and developmental disabilities and their families.,local
Harmony Public Schools (Combined),Houston,Disability Rights Texas,https://www.disabilityrightstx.org/,"Protection and advocacy agency for Texans with disabilities, offering legal support and resources.",local
Harmony Public Schools (Combined),Houston,Harris County Public Health,https://publichealth.harriscountytx.gov/,"Provides various health services and resources, including those for children with special needs.",local
Harmony Public Schools (Combined),Houston,Partners Resource Network (Statewide),https://www.partnersresource.org/,"Texas Parent Training and Information Center, empowering parents of children with disabilities.",local
Irving ISD,Irving,The Arc of Dallas,https://thearcoftexas.org/chapter/the-arc-of-dallas/,Advocates for and serves individuals with intellectual and developmental disabilities and their families.,local
Irving ISD,Irving,Irving ISD Special Education Department,https://www.irvingisd.net/department/specialed,Provides information and resources related to special education services within Irving ISD.,local
Irving ISD,Irving,Texas Parent to Parent,https://www.txp2p.org/,"Connects parents of children with disabilities to support, information, and resources.",local
New Caney ISD,New Caney,The Arc of Greater Houston,https://www.thearcofgreaterhouston.org/,Advocacy and support for people with intellectual and developmental disabilities and their families.,local
New Caney ISD,New Caney,Montgomery County MHMR Authority,https://www.mhmramontgomery.org/,Provides mental health and intellectual/developmental disability services to Montgomery County residents.,local
New Caney ISD,New Caney,New Caney ISD Special Education Department,https://www.newcaneyisd.org/departments/special-education,Information and resources regarding special education services within New Caney ISD.,local
Georgetown ISD,Georgetown,Williamson County Health District,https://www.wcchd.org/,"Provides public health services, including some for children with special needs.",local
Georgetown ISD,Georgetown,The Arc of the Capital Area,https://www.arcaustin.org/,Advocates for and supports individuals with intellectual and developmental disabilities.,local
Georgetown ISD,Georgetown,Georgetown ISD Special Education Department,https://www.georgetownisd.org/department/special-education/,Provides information and resources for special education within the school district.,local
Bryan ISD,Bryan,Brazos Valley Council on Alcohol & Substance Abuse (BV CASA),https://bvcasa.org/,"Provides prevention, intervention, and treatment services for substance use disorders, impacting families.",local
Bryan ISD,Bryan,Texas A&M University Center for Disability and Development,https://cdd.tamu.edu/,"Offers resources, training, and research related to disabilities, benefiting families in the Brazos Valley.",local
Bryan ISD,Bryan,Bryan ISD Special Education Department,https://www.bryanisd.org/department/special-education/,Provides information and resources for special education services within the Bryan school district.,local
College Station ISD,College Station,Brazos Valley Rehabilitation Center,https://bvrc.org/,Provides comprehensive rehabilitation services to children and adults with disabilities in the Brazos Valley.,local
College Station ISD,College Station,The Arc of the Brazos Valley,https://arcbv.org/,Advocates for and supports individuals with intellectual and developmental disabilities and their families.,local
College Station ISD,College Station,Texas A&M University Center for Disability and Development,https://cdd.tamu.edu/,"Conducts research, training, and service activities to improve the lives of people with disabilities.",local
Waco ISD,Waco,The Arc of McLennan County,https://www.thearcmclennan.org/,Advocates for and supports individuals with intellectual and developmental disabilities and their families.,local
Waco ISD,Waco,Waco ISD Special Education Department,https://www.wacoisd.org/departments/special-education,Provides information and resources related to special education services within the Waco ISD.,local
Waco ISD,Waco,Region 12 Education Service Center,https://www.esc12.net/,Offers training and support for educators and families of students with disabilities.,local
Sherman ISD,Sherman,Grayson County Health Department,https://www.co.grayson.tx.us/page/health_home,"Offers various health services, including some that may benefit children with special needs.",local
Sherman ISD,Sherman,Texoma Community Center,https://www.texomacmhc.org/,Provides mental health and intellectual/developmental disability services in the Texoma region.,local
Sherman ISD,Sherman,Disability Rights Texas,https://www.disabilityrightstx.org/,The designated legal protection and advocacy agency for people with disabilities in Texas.,local
Victoria ISD,Victoria,The Arc of the Golden Crescent,https://www.arcgct.org/,Advocates for and supports individuals with intellectual and developmental disabilities and their families.,local
Victoria ISD,Victoria,Victoria County Public Health Department,https://www.vctx.org/page/health.home,"Provides various health services, including resources for children with special health care needs.",local
Victoria ISD,Victoria,Region 3 Education Service Center,https://www.esc3.net/,"Offers support and resources to school districts, including special education services and training.",local
Longview ISD,Longview,Region 7 Education Service Center,https://www.esc7.net/,Provides resources and training for educators and families of students with disabilities.,local
Longview ISD,Longview,Longview ISD Special Education Department,https://www.lisd.org/departments/special-education,Information and resources for special education services within Longview Independent School District.,local
Longview ISD,Longview,Disability Rights Texas,https://www.disabilityrightstx.org/,"Protection and advocacy agency for Texans with disabilities, including legal support.",local
San Angelo ISD,San Angelo,Region 15 Education Service Center,https://www.esc15.net/,"Provides support and resources to schools and families, including special education services.",local
San Angelo ISD,San Angelo,San Angelo ISD Special Education Department,https://www.saisd.org/departments/special-education,Information on special education programs and services offered within the school district.,local
San Angelo ISD,San Angelo,Texas Parent to Parent,https://www.txp2p.org/,Connects parents of children with disabilities to resources and support networks statewide.,local
Wichita Falls ISD,Wichita Falls,Region 9 Education Service Center,https://www.esc9.net/,Provides support and resources to schools and families of students with disabilities.,local
Wichita Falls ISD,Wichita Falls,Wichita Falls ISD Special Education Department,https://www.wfisd.net/departments/special-education,Information and resources for special education services within the Wichita Falls ISD.,local
Wichita Falls ISD,Wichita Falls,Disability Rights Texas,https://www.disabilityrightstx.org/,Provides legal advocacy and support for Texans with disabilities and their families.,local
Harlingen CISD,Harlingen,Region One Education Service Center,https://www.esc1.net/,Provides support and resources to schools and families in the Region One area.,local
Harlingen CISD,Harlingen,Disability Rights Texas,https://www.disabilityrightstx.org/,Protection and advocacy agency for people with disabilities in Texas.,local
Harlingen CISD,Harlingen,Harlingen CISD Special Education Department,https://www.hcisd.org/departments/special-education,Provides information and resources for special education services within the district.,local
Weslaco ISD,Weslaco,Region One Education Service Center,https://www.esc1.net/,"Provides resources, training, and support for special education in the Region One area.",local
Weslaco ISD,Weslaco,Disability Rights Texas,https://www.disabilityrightstx.org/,"Offers legal advocacy and protection for Texans with disabilities, including special education.",local
Weslaco ISD,Weslaco,The Arc of the Rio Grande Valley,https://www.thearcrgv.org/,Advocates for and supports individuals with intellectual and developmental disabilities and their families.,local
Mission CISD,Mission,Region One Education Service Center,https://www.esc1.net/,Provides support and resources to parents of students with disabilities in Region One.,local
Mission CISD,Mission,Disability Rights Texas,https://www.disabilityrightstx.org/,"Protection and advocacy agency for Texans with disabilities, offering legal support.",local
Mission CISD,Mission,The Arc of Texas,https://www.thearcoftexas.org/,Advocates for the rights and full participation of people with intellectual and developmental disabilities.,local
Brownsville ISD,Brownsville,Region One Education Service Center,https://www.esc1.net/,"Provides resources, training, and support for special education in the Region One area.",local
Brownsville ISD,Brownsville,Brownsville ISD Special Education Department,https://www.bisd.us/departments/special_education,Information on special education services and programs offered within Brownsville ISD.,local
Brownsville ISD,Brownsville,Disability Rights Texas,https://www.disabilityrightstx.org/,"Protection and advocacy agency for Texans with disabilities, including legal support.",local
Del Valle ISD,Del Valle,Navigate Life Texas,https://www.navigatelifetexas.org/,Texas resource connecting families to services and supports for children with disabilities.,local
Del Valle ISD,Del Valle,Disability Rights Texas,https://www.disabilityrightstx.org/,"Protection and advocacy agency for Texans with disabilities, offering legal support.",local
Del Valle ISD,Del Valle,The Arc of the Capital Area,https://www.arcaustin.org/,Provides services and advocacy for people with intellectual and developmental disabilities.,local
Hays CISD,Kyle,Hays CISD Special Education Department,https://www.hayscisd.net/Page/144,Provides information and resources for special education services within Hays CISD.,local
Hays CISD,Kyle,Texas Parent to Parent (TxP2P),https://www.txp2p.org/,"Offers support, information, and resources to parents of children with disabilities statewide.",local
Hays CISD,Kyle,Disability Rights Texas,https://www.disabilityrightstx.org/,Provides legal advocacy and protection for Texans with disabilities.,local
Schertz-Cibolo-Universal City ISD,Schertz,Region 20 Education Service Center,https://www.esc20.net/,"Provides resources and support for special education in the San Antonio area, including SCUCISD.",local
Schertz-Cibolo-Universal City ISD,Schertz,Disability Rights Texas,https://www.disabilityrightstx.org/,Offers legal advocacy and support for Texans with disabilities and their families.,local
Schertz-Cibolo-Universal City ISD,Schertz,The Arc of San Antonio,https://arc-sa.org/,Advocates for and supports individuals with intellectual and developmental disabilities.,local
Judson ISD,Live Oak,The Arc of San Antonio,https://arc-sa.org/,Advocacy and support for individuals with intellectual and developmental disabilities and their families.,local
Judson ISD,Live Oak,Disability Rights Texas,https://www.disabilityrightstx.org/,"Protection and advocacy agency for people with disabilities, offering legal support.",local
Judson ISD,Live Oak,Region 20 Education Service Center,https://www.esc20.net/,"Provides support and resources to schools in the region, including special education services.",local
East Central ISD,San Antonio,The Arc of San Antonio,https://www.arc-sa.org/,Provides support and advocacy for individuals with intellectual and developmental disabilities and their families.,local
East Central ISD,San Antonio,Autism Society of South Texas,https://www.autismsouthtexas.org/,"Offers resources, support groups, and advocacy for individuals with autism and their families.",local
East Central ISD,San Antonio,Disability Rights Texas,https://www.disabilityrightstx.org/,"Protection and advocacy agency for people with disabilities, offering legal support and information.",local
Bastrop ISD,Bastrop,Bastrop County Health Department,https://www.co.bastrop.tx.us/page/health_home,"Provides public health services, including some for children with special needs.",local
Bastrop ISD,Bastrop,Texas Parent to Parent,https://www.txp2p.org/,"Offers support, information, and resources to parents of children with disabilities.",local
Bastrop ISD,Bastrop,Disability Rights Texas,https://www.disabilityrightstx.org/,"Protection and advocacy agency for Texans with disabilities, offering legal support.",local
Pflugerville ISD,Pflugerville,Pflugerville ISD Special Education Department,https://www.pfisd.net/Page/147,Provides information and resources for special education services within Pflugerville ISD.,local
Pflugerville ISD,Pflugerville,The Arc of the Capital Area,https://www.arcaustin.org/,Offers support and advocacy for individuals with intellectual and developmental disabilities.,local
Pflugerville ISD,Pflugerville,Texas Parent to Parent,https://www.txp2p.org/,Connects parents of children with disabilities to resources and support networks.,local
Lake Travis ISD,Austin,The Arc of the Capital Area,https://www.arcaustin.org/,Provides support and advocacy for people with intellectual and developmental disabilities and their families.,local
Lake Travis ISD,Austin,Austin ISD Special Education Parent Support,https://www.austinisd.org/special-education/parent-support,Offers resources and support to parents of students with disabilities in Austin ISD.,local
Lake Travis ISD,Austin,Navigate Life Texas,https://www.navigatelifetexas.org/,Provides information and resources for families raising children with disabilities in Texas.,local
Eanes ISD,Austin,The Arc of the Capital Area,https://www.arcaustin.org/,Provides support and advocacy for individuals with intellectual and developmental disabilities and their families.,local
Eanes ISD,Austin,Autism Society of Central Texas,https://www.austinautismsociety.org/,"Offers resources, support groups, and advocacy for individuals with autism and their families.",local
Eanes ISD,Austin,Navigate Life Texas,https://www.navigatelifetexas.org/,Texas resource providing information and support for families raising children with disabilities.,local
Coppell ISD,Coppell,The Arc of Dallas,https://thearcofdallas.org/,Advocates for and supports individuals with intellectual and developmental disabilities and their families.,local
Coppell ISD,Coppell,Disability Rights Texas,https://www.disabilityrightstx.org/,Provides legal advocacy and rights protection for Texans with disabilities.,local
Coppell ISD,Coppell,Navigate Life Texas,https://www.navigatelifetexas.org/,Provides information and resources for Texas families raising children with disabilities.,local
Grapevine-Colleyville ISD,Grapevine,The Arc of Texas,https://www.thearcoftexas.org/,Advocacy and resources for Texans with intellectual and developmental disabilities.,local
Grapevine-Colleyville ISD,Grapevine,Disability Rights Texas,https://www.disabilityrightstx.org/,Protection and advocacy agency for people with disabilities in Texas.,local
Grapevine-Colleyville ISD,Grapevine,Grapevine-Colleyville ISD Special Education Department,https://www.gcisd.net/departments/special_education,GCISD's official special education resources and information for parents.,local
Little Elm ISD,Little Elm,The Arc of Denton County,https://www.arcdenton.org/,Advocacy and support for individuals with intellectual and developmental disabilities and their families.,local
Little Elm ISD,Little Elm,Denton County MHMR,https://www.dentoncounty.gov/1646/MHMR,Provides mental health and intellectual and developmental disability services to Denton County residents.,local
Little Elm ISD,Little Elm,Little Elm ISD Special Education Department,https://www.leisd.ws/departments/special-education,Information and resources regarding special education services within the Little Elm Independent School District.,local
Crowley ISD,Crowley,The Arc of Fort Worth,https://www.thearcftworth.org/,Advocates for and supports individuals with intellectual and developmental disabilities and their families.,local
Crowley ISD,Crowley,Region XI Education Service Center,https://www.esc11.net/,Provides resources and training for educators and families of students with disabilities.,local
Crowley ISD,Crowley,Texas Parent to Parent,https://www.txp2p.org/,"Connects parents of children with disabilities to support, information, and resources.",local
Burleson ISD,Burleson,The Arc of Fort Worth,https://www.thearcftworth.org/,Advocacy and support for individuals with intellectual and developmental disabilities and their families.,local
Burleson ISD,Burleson,Texas Parent to Parent,https://www.txp2p.org/,"Provides support, information, and resources to Texas families raising children with disabilities.",local
Burleson ISD,Burleson,Burleson ISD Special Education Department,https://www.burlesonisd.net/department/special_education,Information and resources regarding special education services offered within Burleson ISD.,local
Forney ISD,Forney,The Arc of Kaufman County,https://thearcofkaufmancounty.org/,Advocacy and support for individuals with intellectual and developmental disabilities and their families.,local
Forney ISD,Forney,Navigate Life Texas,https://www.navigatelifetexas.org/,Texas resource providing information and support for families raising children with disabilities.,local
Forney ISD,Forney,Region 10 Education Service Center,https://www.region10.org/,Provides resources and training for educators and families of students with disabilities.,local
Royse City ISD,Royse City,The Arc of Rockwall County,https://rockwallarc.org/,Advocacy and support for individuals with intellectual and developmental disabilities and their families.,local
Royse City ISD,Royse City,Royse City ISD Special Education Department,https://www.rcisd.org/departments/special-education,Information and resources regarding special education services within Royse City ISD.,local
Royse City ISD,Royse City,Texas Parent to Parent,https://www.txp2p.org/,"Connects parents of children with disabilities to support, information, and resources.",local
Princeton ISD,Princeton,The Arc of Texas,https://www.thearcoftexas.org/,Advocates for Texans with intellectual and developmental disabilities and their families.,local
Princeton ISD,Princeton,Texas Parent to Parent,https://www.txp2p.org/,"Provides support, information, and resources to Texas families raising children with disabilities.",local
Princeton ISD,Princeton,Navigate Life Texas,https://www.navigatelifetexas.org/,Provides information and resources for families raising children with disabilities in Texas.,local
Melissa ISD,Melissa,The Arc of Texas,https://www.thearcoftexas.org/,Advocates for Texans with intellectual and developmental disabilities and their families.,local
Melissa ISD,Melissa,Texas Parent to Parent,https://www.txp2p.org/,"Provides support, information, and resources to Texas families raising children with disabilities.",local
Melissa ISD,Melissa,Navigate Life Texas,https://www.navigatelifetexas.org/,Provides information and resources for families raising children with disabilities in Texas.,local
Magnolia ISD,Magnolia,Montgomery County MHMR Authority,https://www.mhmrcounty.org/,Provides mental health and intellectual/developmental disability services to Montgomery County residents.,local
Magnolia ISD,Magnolia,The Arc of Greater Houston,https://www.thearcofgreaterhouston.org/,Advocates for and supports individuals with intellectual and developmental disabilities and their families.,local
Magnolia ISD,Magnolia,Partners Resource Network (PATH Project),https://prntexas.org/,Provides support and resources for Texas parents of children with disabilities.,local
Waller ISD,Waller,Region 4 Education Service Center,https://www.esc4.net/,Provides support and resources for special education programs in Waller ISD and surrounding areas.,local
Waller ISD,Waller,The Arc of Greater Houston,https://www.thearcofgreaterhouston.org/,Advocates for and supports individuals with intellectual and developmental disabilities and their families.,local
Waller ISD,Waller,Texas Parent to Parent,https://www.txp2p.org/,"Connects parents of children with disabilities to provide support, information, and resources.",local
Montgomery ISD,Montgomery,Montgomery County MHMR Services,https://www.mhmrcounty.org/,Provides mental health and intellectual/developmental disability services to Montgomery County residents.,local
Montgomery ISD,Montgomery,The Arc of Greater Houston,https://www.thearcofgreaterhouston.org/,Advocates for and supports individuals with intellectual and developmental disabilities and their families.,local
Montgomery ISD,Montgomery,Region 6 Education Service Center,https://www.esc6.net/,"Provides support and resources to school districts, including special education services.",local
Channelview ISD,Channelview,The Arc of Greater Houston,https://www.thearcofgreaterhouston.org/,Advocacy and support for people with intellectual and developmental disabilities and their families.,local
Channelview ISD,Channelview,Harris County Department of Education - CASE Project,https://www.hcde-texas.org/case/,Provides resources and training for parents of children with disabilities in Harris County.,local
Channelview ISD,Channelview,Partners Resource Network (Statewide),https://www.partnersresource.org/,Texas Parent Training and Information Center offering support and resources for special education.,local
Crosby ISD,Crosby,The Arc of Greater Houston,https://www.thearcofgreaterhouston.org/,Advocacy and support for people with intellectual and developmental disabilities and their families.,local
Crosby ISD,Crosby,Harris County Department of Education,https://www.hcde-texas.org/,Provides educational services and resources to schools and communities in Harris County.,local
Crosby ISD,Crosby,Partners Resource Network (Statewide),https://prntexas.org/,Texas statewide network of parent training and information centers for special education.,local
Dickinson ISD,Dickinson,The Arc of the Gulf Coast,https://www.arcgc.org/,Advocates for and supports individuals with intellectual and developmental disabilities and their families.,local
Dickinson ISD,Dickinson,Galveston County Health District,https://www.gchd.org/,"Provides public health services, including some for children with special needs, in Galveston County.",local
Dickinson ISD,Dickinson,Texas Parent to Parent,https://www.txp2p.org/,"Connects parents of children with disabilities to information, resources, and peer support.",local
Texas City ISD,Texas City,The Arc of the Gulf Coast,https://www.arcgc.org/,Advocates for and supports individuals with intellectual and developmental disabilities and their families.,local
Texas City ISD,Texas City,Texas Parent to Parent,https://www.txp2p.org/,"Provides support, information, and resources to parents of children with disabilities.",local
Texas City ISD,Texas City,Region 4 Education Service Center,https://www.esc4.net/,Offers resources and training for educators and families of students with disabilities.,local
Friendswood ISD,Friendswood,The Arc of the Gulf Coast,https://arcgc.org/,Advocates for and supports individuals with intellectual and developmental disabilities and their families.,local
Friendswood ISD,Friendswood,Disability Rights Texas,https://www.disabilityrightstx.org/,"Protection and advocacy agency for people with disabilities, offering legal support and resources.",local
Friendswood ISD,Friendswood,Region 4 Education Service Center,https://www.esc4.net/,"Provides support and resources to school districts, including special education services.",local
Santa Fe ISD,Santa Fe,The Arc of the Gulf Coast,https://arcgc.org/,Advocates for and supports individuals with intellectual and developmental disabilities and their families.,local
Santa Fe ISD,Santa Fe,Galveston County Health District,https://www.gchd.org/,"Provides public health services, including some for children with special needs, in Galveston County.",local
Santa Fe ISD,Santa Fe,Region 4 Education Service Center,https://www.esc4.net/,"Provides support and resources to school districts, including special education services and training.",local
Laredo ISD,Laredo,Laredo ISD Special Education Department,https://www.laredoisd.org/departments/special-education/,Provides information and resources for special education services within Laredo ISD.,local
Laredo ISD,Laredo,Region One Education Service Center,https://www.esc1.net/,Offers support and training for educators and families of students with disabilities.,local
Laredo ISD,Laredo,Disability Rights Texas,https://www.disabilityrightstx.org/,Provides legal advocacy and support for Texans with disabilities and their families.,local
McAllen ISD,McAllen,Region One Education Service Center,https://www.esc1.net/,"Provides resources, training, and support for special education in the Region One area.",local
McAllen ISD,McAllen,Disability Rights Texas,https://www.disabilityrightstx.org/,Offers legal advocacy and rights protection for Texans with disabilities.,local
McAllen ISD,McAllen,The Arc of the Rio Grande Valley,https://www.thearcrgv.org/,Advocates for and supports individuals with intellectual and developmental disabilities.,local
Rio Grande City Grulla ISD,Rio Grande City,Region One Education Service Center,https://www.esc1.net/,"Provides support and resources to schools and families in the Region One area, including special education.",local
Rio Grande City Grulla ISD,Rio Grande City,Disability Rights Texas,https://www.disabilityrightstx.org/,"Offers legal advocacy and rights protection for Texans with disabilities, including special education issues.",local
Rio Grande City Grulla ISD,Rio Grande City,Texas Parent to Parent,https://www.txp2p.org/,"Connects parents of children with disabilities, offering support, information, and resources statewide.",local
San Benito CISD,San Benito,Region One Education Service Center,https://www.esc1.net/,"Provides support and resources to schools and families in the Region One area, including special education.",local
San Benito CISD,San Benito,Texas Parent to Parent,https://www.txp2p.org/,Connects parents of children with disabilities to resources and support networks statewide.,local
San Benito CISD,San Benito,Disability Rights Texas,https://www.disabilityrightstx.org/,"Protection and advocacy agency for people with disabilities, offering legal support and information.",local
Donna ISD,Donna,Region One Education Service Center,https://www.esc1.net/,Provides support and resources to parents of students with disabilities in the region.,local
Donna ISD,Donna,The Arc of the Rio Grande Valley,https://www.thearcrgv.org/,Advocates for and supports individuals with intellectual and developmental disabilities and their families.,local
Donna ISD,Donna,Texas Parent to Parent,https://www.txp2p.org/,"Connects parents of children with disabilities to provide support, information, and resources.",local
Clint ISD,Clint,Region 19 Head Start,https://www.esc19.net/page/headstart.headstart,Provides early childhood education and family support services for eligible families in the region.,local
Clint ISD,Clint,Disability Rights Texas,https://www.disabilityrightstx.org/,"Offers legal advocacy and rights protection for Texans with disabilities, including special education support.",local
Clint ISD,Clint,The Arc of El Paso,https://thearcofelpaso.org/,Advocates for and supports individuals with intellectual and developmental disabilities and their families.,local
San Marcos CISD,San Marcos,San Marcos CISD Special Education Department,https://www.smcisd.net/departments/special-education,Provides information and resources for special education services within the school district.,local
San Marcos CISD,San Marcos,Texas Parent to Parent (TxP2P),https://www.txp2p.org/,"Offers support, information, and resources to parents of children with disabilities across Texas.",local
San Marcos CISD,San Marcos,Disability Rights Texas,https://www.disabilityrightstx.org/,Provides legal advocacy and protection of the rights of Texans with disabilities.,local
Seguin ISD,Seguin,Guadalupe County MHMR Services,https://www.co.guadalupe.tx.us/mhmr/,Provides mental health and intellectual/developmental disability services to Guadalupe County residents.,local
Seguin ISD,Seguin,Region 13 Education Service Center,https://www.esc13.net/,Offers resources and support for special education programs in the Central Texas area.,local
Seguin ISD,Seguin,Disability Rights Texas,https://www.disabilityrightstx.org/,"Protection and advocacy agency for Texans with disabilities, offering legal support.",local
Temple ISD,Temple,Temple ISD Special Education Department,https://www.tisd.org/departments/special-education,Provides information and resources for special education services within Temple ISD.,local
Temple ISD,Temple,The Arc of Central Texas,https://www.arcctx.org/,Offers support and advocacy for people with intellectual and developmental disabilities.,local
Temple ISD,Temple,Texas Parent to Parent,https://www.txp2p.org/,Connects parents of children with disabilities to support and information statewide.,local
Belton ISD,Belton,Belton ISD Special Education Department,https://www.bisd.net/departments/special_education,Provides information and resources for special education services within Belton ISD.,local
Belton ISD,Belton,Region 12 Education Service Center,https://www.esc12.net/,Offers support and training for educators and families of students with disabilities.,local
Belton ISD,Belton,Texas Parent to Parent,https://www.txp2p.org/,"Connects parents of children with disabilities to support, resources, and information.",local
Copperas Cove ISD,Copperas Cove,The Arc of Central Texas,https://www.arcctx.org/,Provides resources and support for individuals with intellectual and developmental disabilities and their families.,local
Copperas Cove ISD,Copperas Cove,Texas Parent to Parent,https://www.txp2p.org/,"Offers support, information, and resources to parents of children with disabilities and special healthcare needs.",local
Copperas Cove ISD,Copperas Cove,Region 12 Education Service Center,https://www.esc12.net/,"Provides support and training to educators and families in Central Texas, including special education resources.",local
Midway ISD,Waco,The Arc of McLennan County,https://www.thearcmclennan.org/,Advocacy and support for individuals with intellectual and developmental disabilities and their families.,local
Midway ISD,Waco,Region 12 Education Service Center,https://www.esc12.net/,Provides resources and training to educators and parents of students with disabilities.,local
Midway ISD,Waco,Waco-McLennan County Public Health District,https://www.wacotx.gov/departments/public-health-district,"Offers various health services, including early childhood intervention and developmental screenings.",local
Abilene ISD,Abilene,Region 14 Education Service Center,https://www.esc14.net/,"Provides support and resources for special education services in the region, including Abilene.",local
Abilene ISD,Abilene,Abilene ISD Special Education Department,https://www.abileneisd.org/department/special-education/,Information and resources regarding special education services offered within Abilene ISD.,local
Abilene ISD,Abilene,Disability Rights Texas,https://www.disabilityrightstx.org/,"Offers legal advocacy and support for Texans with disabilities, including special education issues.",local
Texarkana ISD,Texarkana,Texarkana ISD Special Education Department,https://www.txkisd.net/Page/162,Provides information and resources for special education services within Texarkana ISD.,local
Texarkana ISD,Texarkana,Partners Resource Network (Statewide),https://prntexas.org/,Texas non-profit providing resources and support for parents of children with disabilities.,local
Texarkana ISD,Texarkana,Disability Rights Texas (Statewide),https://www.disabilityrightstx.org/,"Protection and advocacy agency for Texans with disabilities, offering legal support.",local
